-- phpMyAdmin SQL Dump
-- version 4.8.4
-- https://www.phpmyadmin.net/
--
-- Host: 127.0.0.1
-- Generation Time: Jul 24, 2019 at 05:32 AM
-- Server version: 10.1.37-MariaDB
-- PHP Version: 7.3.0

SET SQL_MODE = "NO_AUTO_VALUE_ON_ZERO";
SET AUTOCOMMIT = 0;
START TRANSACTION;
SET time_zone = "+00:00";


/*!40101 SET @OLD_CHARACTER_SET_CLIENT=@@CHARACTER_SET_CLIENT */;
/*!40101 SET @OLD_CHARACTER_SET_RESULTS=@@CHARACTER_SET_RESULTS */;
/*!40101 SET @OLD_COLLATION_CONNECTION=@@COLLATION_CONNECTION */;
/*!40101 SET NAMES utf8mb4 */;

--
-- Database: `scm_catering`
--

-- --------------------------------------------------------

--
-- Table structure for table `m_bahan`
--

CREATE TABLE `m_bahan` (
  `id_bahan` char(6) NOT NULL,
  `nama_bahan` varchar(25) DEFAULT NULL
) ENGINE=InnoDB DEFAULT CHARSET=latin1;

--
-- Dumping data for table `m_bahan`
--

INSERT INTO `m_bahan` (`id_bahan`, `nama_bahan`) VALUES
('b00001', 'Ayam Kampung'),
('b00002', 'Bebek'),
('b00003', 'Kambing'),
('b00004', 'Ayam Negeri'),
('b00005', 'Cabe Rawit Merah'),
('b00006', 'Cabe Rawit Ijo'),
('b00007', 'Cabe'),
('b00008', 'Sapi'),
('b00009', 'Bawang Merah'),
('b00010', 'Sawi Ijo'),
('b00011', 'Sawi putih');

-- --------------------------------------------------------

--
-- Table structure for table `m_daftarsatuanbahan`
--

CREATE TABLE `m_daftarsatuanbahan` (
  `id_satuan` char(3) DEFAULT NULL,
  `nama_satuan` varchar(10) DEFAULT NULL
) ENGINE=InnoDB DEFAULT CHARSET=latin1;

--
-- Dumping data for table `m_daftarsatuanbahan`
--

INSERT INTO `m_daftarsatuanbahan` (`id_satuan`, `nama_satuan`) VALUES
('b01', 'Potong'),
('b02', 'Kg'),
('b03', 'Ekor'),
('b04', 'Gram'),
('b05', 'Ikat');

-- --------------------------------------------------------

--
-- Table structure for table `m_daftarsatuanperlengkapan`
--

CREATE TABLE `m_daftarsatuanperlengkapan` (
  `id_satuan` char(3) DEFAULT NULL,
  `nama_satuan` char(20) DEFAULT NULL
) ENGINE=InnoDB DEFAULT CHARSET=latin1;

--
-- Dumping data for table `m_daftarsatuanperlengkapan`
--

INSERT INTO `m_daftarsatuanperlengkapan` (`id_satuan`, `nama_satuan`) VALUES
('p01', 'Lusin'),
('p02', 'Kodi');

-- --------------------------------------------------------

--
-- Table structure for table `m_dapur`
--

CREATE TABLE `m_dapur` (
  `id_biaya` char(3) NOT NULL,
  `nama_biaya` varchar(25) DEFAULT NULL
) ENGINE=InnoDB DEFAULT CHARSET=latin1;

--
-- Dumping data for table `m_dapur`
--

INSERT INTO `m_dapur` (`id_biaya`, `nama_biaya`) VALUES
('P01', 'Listrik'),
('P02', 'PBB'),
('T01', 'Ganti Oli'),
('T02', 'Bensin');

-- --------------------------------------------------------

--
-- Table structure for table `m_kelompokbiaya`
--

CREATE TABLE `m_kelompokbiaya` (
  `id_kelompok` char(3) NOT NULL,
  `nama_kelompok` varchar(25) DEFAULT NULL
) ENGINE=InnoDB DEFAULT CHARSET=latin1;

--
-- Dumping data for table `m_kelompokbiaya`
--

INSERT INTO `m_kelompokbiaya` (`id_kelompok`, `nama_kelompok`) VALUES
('001', 'Transportasi'),
('002', 'Pajak'),
('003', 'Konsumsi Rapat');

-- --------------------------------------------------------

--
-- Table structure for table `m_optionmetodebayar`
--

CREATE TABLE `m_optionmetodebayar` (
  `id_metodebayar` char(1) NOT NULL,
  `nama_metode` varchar(25) DEFAULT NULL
) ENGINE=InnoDB DEFAULT CHARSET=latin1;

--
-- Dumping data for table `m_optionmetodebayar`
--

INSERT INTO `m_optionmetodebayar` (`id_metodebayar`, `nama_metode`) VALUES
('0', 'Tunai'),
('1', 'Transfer');

-- --------------------------------------------------------

--
-- Table structure for table `m_optionstatusbayar`
--

CREATE TABLE `m_optionstatusbayar` (
  `id_statusbayar` char(1) NOT NULL,
  `nama_statusbayar` varchar(20) DEFAULT NULL
) ENGINE=InnoDB DEFAULT CHARSET=latin1;

--
-- Dumping data for table `m_optionstatusbayar`
--

INSERT INTO `m_optionstatusbayar` (`id_statusbayar`, `nama_statusbayar`) VALUES
('0', 'Belum Lunas'),
('1', 'Lunas');

-- --------------------------------------------------------

--
-- Table structure for table `m_optionstatuspesanan`
--

CREATE TABLE `m_optionstatuspesanan` (
  `id_statuspesanan` char(1) NOT NULL,
  `nama_statuspesanan` varchar(20) DEFAULT NULL
) ENGINE=InnoDB DEFAULT CHARSET=latin1;

--
-- Dumping data for table `m_optionstatuspesanan`
--

INSERT INTO `m_optionstatuspesanan` (`id_statuspesanan`, `nama_statuspesanan`) VALUES
('0', 'Dalam Pengiriman'),
('1', 'Terkirim');

-- --------------------------------------------------------

--
-- Table structure for table `m_paket`
--

CREATE TABLE `m_paket` (
  `id_paket` char(3) NOT NULL,
  `nama_paket` varchar(20) DEFAULT NULL
) ENGINE=InnoDB DEFAULT CHARSET=latin1;

--
-- Dumping data for table `m_paket`
--

INSERT INTO `m_paket` (`id_paket`, `nama_paket`) VALUES
('001', '25rb'),
('002', '30rb');

-- --------------------------------------------------------

--
-- Table structure for table `m_pelanggan`
--

CREATE TABLE `m_pelanggan` (
  `id_pelanggan` char(3) NOT NULL,
  `nama_pelanggan` varchar(20) DEFAULT NULL
) ENGINE=InnoDB DEFAULT CHARSET=latin1;

--
-- Dumping data for table `m_pelanggan`
--

INSERT INTO `m_pelanggan` (`id_pelanggan`, `nama_pelanggan`) VALUES
('001', 'Tri'),
('002', 'Wira');

-- --------------------------------------------------------

--
-- Table structure for table `m_pemasokbahan`
--

CREATE TABLE `m_pemasokbahan` (
  `id_pemasok` char(3) NOT NULL,
  `nama_pemasok` varchar(25) DEFAULT NULL,
  `alamat` varchar(40) DEFAULT NULL,
  `no_telp` varchar(12) DEFAULT NULL,
  `no_rek` varchar(16) DEFAULT NULL,
  `nama_bank` varchar(16) DEFAULT NULL
) ENGINE=InnoDB DEFAULT CHARSET=latin1;

--
-- Dumping data for table `m_pemasokbahan`
--

INSERT INTO `m_pemasokbahan` (`id_pemasok`, `nama_pemasok`, `alamat`, `no_telp`, `no_rek`, `nama_bank`) VALUES
('b00', 'Eceran', '', '', '', ''),
('b01', 'Riza', 'Jln. Mangga dua', '081234567890', '1231312313123', 'BCA'),
('b02', 'Surya', 'Jln. Mangga tiga', '081234567320', '1231342513123', 'Mandiri'),
('b03', 'Putra', 'Jln. Mangga satu', '081239227329', '15112342513123', 'BRI'),
('b04', 'Anas', 'Jln. Mangga empat', '081234124351', '123131313131111', 'BNI'),
('b05', 'Deny', 'Jln. Kebon Jeruk', '081222212', '1231312313124', 'BRI');

-- --------------------------------------------------------

--
-- Table structure for table `m_pemasokperlengkapan`
--

CREATE TABLE `m_pemasokperlengkapan` (
  `id_pemasok` char(3) NOT NULL,
  `nama_pemasok` varchar(25) DEFAULT NULL,
  `alamat` varchar(40) DEFAULT NULL,
  `no_telp` varchar(12) DEFAULT NULL,
  `no_rek` varchar(16) DEFAULT NULL,
  `nama_bank` varchar(16) DEFAULT NULL
) ENGINE=InnoDB DEFAULT CHARSET=latin1;

--
-- Dumping data for table `m_pemasokperlengkapan`
--

INSERT INTO `m_pemasokperlengkapan` (`id_pemasok`, `nama_pemasok`, `alamat`, `no_telp`, `no_rek`, `nama_bank`) VALUES
('p00', 'Eceran', '', '', '', ''),
('p01', 'Adit', 'Jl. Mangga 4', '6266423860', '123123123123', 'BRI'),
('p02', 'Juhari', 'Jln. Kebon Sirih', '081244567890', '123131233124', 'BNI');

-- --------------------------------------------------------

--
-- Table structure for table `m_perlengkapan`
--

CREATE TABLE `m_perlengkapan` (
  `id_perlengkapan` char(6) NOT NULL,
  `nama_perlengkapan` varchar(25) DEFAULT NULL
) ENGINE=InnoDB DEFAULT CHARSET=latin1;

--
-- Dumping data for table `m_perlengkapan`
--

INSERT INTO `m_perlengkapan` (`id_perlengkapan`, `nama_perlengkapan`) VALUES
('p00001', 'Kertas Nasi'),
('p00002', 'Sendok Plastik'),
('p00003', 'Box Nasi'),
('p00004', 'Gelas Plastik');

-- --------------------------------------------------------

--
-- Table structure for table `m_satuandapur`
--

CREATE TABLE `m_satuandapur` (
  `id_satuan` char(3) NOT NULL,
  `nama_satuan` varchar(15) DEFAULT NULL
) ENGINE=InnoDB DEFAULT CHARSET=latin1;

--
-- Dumping data for table `m_satuandapur`
--

INSERT INTO `m_satuandapur` (`id_satuan`, `nama_satuan`) VALUES
('d01', 'Liter'),
('d02', 'kWH'),
('d03', 'Unit');

-- --------------------------------------------------------

--
-- Table structure for table `m_staff`
--

CREATE TABLE `m_staff` (
  `id_staff` char(3) NOT NULL,
  `password` varchar(32) DEFAULT NULL,
  `username` varchar(20) DEFAULT NULL
) ENGINE=InnoDB DEFAULT CHARSET=latin1;

--
-- Dumping data for table `m_staff`
--

INSERT INTO `m_staff` (`id_staff`, `password`, `username`) VALUES
('001', 'admin', 'admin');

-- --------------------------------------------------------

--
-- Table structure for table `t_daftarbelibahan`
--

CREATE TABLE `t_daftarbelibahan` (
  `id_pembelian` char(10) NOT NULL,
  `id_bahan` char(6) DEFAULT NULL,
  `volume` int(11) DEFAULT NULL,
  `harga` int(11) DEFAULT NULL
) ENGINE=InnoDB DEFAULT CHARSET=latin1;

--
-- Dumping data for table `t_daftarbelibahan`
--

INSERT INTO `t_daftarbelibahan` (`id_pembelian`, `id_bahan`, `volume`, `harga`) VALUES
('b020150519', 'b00002', 25, 32500),
('b030150519', 'b00003', 35, 23500),
('b010130619', 'b00001', 30, 30000),
('b010130419', 'b00001', 30, 30000),
('b020130419', 'b00004', 20, 30000),
('b020130519', 'b00004', 20, 30000),
('b020130619', 'b00004', 20, 30000),
('b040130419', 'b00001', 30, 31000),
('b040130519', 'b00001', 30, 31000),
('b040130619', 'b00001', 30, 31000),
('b020130619', 'b00001', 30, 30500),
('b020130519', 'b00001', 30, 30500),
('b020130419', 'b00001', 30, 30500),
('b010130519', 'b00001', 25, 30000),
('b040210619', 'b00007', 5, 30000),
('b030210619', 'b00006', 5, 30000),
('b030210619', 'b00005', 5, 30000),
('b000020619', 'b00001', 10, 20000),
('b030020719', 'b00009', 5, 20000),
('b050020719', 'b00010', 10, 5000);

-- --------------------------------------------------------

--
-- Table structure for table `t_daftarbeliperlengkapan`
--

CREATE TABLE `t_daftarbeliperlengkapan` (
  `id_pembelian` char(10) NOT NULL,
  `id_perlengkapan` char(6) DEFAULT NULL,
  `volume` int(11) DEFAULT NULL,
  `harga` int(11) DEFAULT NULL
) ENGINE=InnoDB DEFAULT CHARSET=latin1;

--
-- Dumping data for table `t_daftarbeliperlengkapan`
--

INSERT INTO `t_daftarbeliperlengkapan` (`id_pembelian`, `id_perlengkapan`, `volume`, `harga`) VALUES
('p010190619', 'p00001', 30, 20000),
('p010190619', 'p00002', 20, 5000),
('p020210619', 'p00003', 11, 10000);

-- --------------------------------------------------------

--
-- Table structure for table `t_detilbayarbahan`
--

CREATE TABLE `t_detilbayarbahan` (
  `id_pembelian` char(10) NOT NULL,
  `bayar` int(11) DEFAULT NULL,
  `sisa_bayar` int(11) DEFAULT NULL,
  `tgl_bayar` date DEFAULT NULL
) ENGINE=InnoDB DEFAULT CHARSET=latin1;

--
-- Dumping data for table `t_detilbayarbahan`
--

INSERT INTO `t_detilbayarbahan` (`id_pembelian`, `bayar`, `sisa_bayar`, `tgl_bayar`) VALUES
('b040130419', 900000, 30000, '2019-06-25'),
('b040130419', 30000, 0, '2019-06-25'),
('b030210619', 300000, 0, '2019-06-25'),
('b030150519', 722500, 100000, '2019-06-29'),
('b020130419', 1415000, 100000, '2019-06-29'),
('b000020619', 200000, 0, '2019-06-02'),
('b000030719', 200000, 0, '2019-07-03');

-- --------------------------------------------------------

--
-- Table structure for table `t_detilbayarpemesanan`
--

CREATE TABLE `t_detilbayarpemesanan` (
  `id_pemesanan` char(10) NOT NULL,
  `bayar` int(11) DEFAULT NULL,
  `sisa_bayar` int(11) DEFAULT NULL,
  `tgl_bayar` date DEFAULT NULL
) ENGINE=InnoDB DEFAULT CHARSET=latin1;

-- --------------------------------------------------------

--
-- Table structure for table `t_detilbayarperlengkapan`
--

CREATE TABLE `t_detilbayarperlengkapan` (
  `id_pembelian` char(10) NOT NULL,
  `bayar` int(11) DEFAULT NULL,
  `sisa_bayar` int(11) DEFAULT NULL,
  `tgl_bayar` date DEFAULT NULL
) ENGINE=InnoDB DEFAULT CHARSET=latin1;

--
-- Dumping data for table `t_detilbayarperlengkapan`
--

INSERT INTO `t_detilbayarperlengkapan` (`id_pembelian`, `bayar`, `sisa_bayar`, `tgl_bayar`) VALUES
('p020210619', 110000, 0, '2019-06-25');

-- --------------------------------------------------------

--
-- Table structure for table `t_invenbahan`
--

CREATE TABLE `t_invenbahan` (
  `id_bahan` char(6) NOT NULL,
  `stok_in` int(11) DEFAULT NULL,
  `tgl_perubahan` date DEFAULT NULL,
  `stok_out` int(11) DEFAULT NULL
) ENGINE=InnoDB DEFAULT CHARSET=latin1;

--
-- Dumping data for table `t_invenbahan`
--

INSERT INTO `t_invenbahan` (`id_bahan`, `stok_in`, `tgl_perubahan`, `stok_out`) VALUES
('b00001', 30, '2019-06-01', 30),
('b00001', 0, '2019-06-02', 10),
('b00001', 0, '2019-06-03', 0),
('b00001', 0, '2019-06-04', 0),
('b00001', 0, '2019-06-05', 0),
('b00001', 0, '2019-06-06', 0),
('b00001', 0, '2019-06-07', 0),
('b00001', 0, '2019-06-08', 0),
('b00001', 0, '2019-06-09', 0),
('b00001', 0, '2019-06-10', 0),
('b00001', 0, '2019-06-11', 0),
('b00001', 0, '2019-06-12', 0),
('b00001', 0, '2019-06-13', 0),
('b00001', 0, '2019-06-14', 0),
('b00001', 0, '2019-06-15', 0),
('b00001', 0, '2019-06-16', 0),
('b00001', 0, '2019-06-17', 0),
('b00001', 0, '2019-06-18', 0),
('b00001', 0, '2019-06-19', 0),
('b00001', 0, '2019-06-20', 0),
('b00001', 0, '2019-06-21', 0),
('b00001', 0, '2019-06-22', 0),
('b00001', 0, '2019-06-23', 0),
('b00001', 0, '2019-06-24', 0),
('b00001', 0, '2019-06-25', 0),
('b00001', 0, '2019-06-26', 0),
('b00001', 0, '2019-06-27', 0),
('b00001', 0, '2019-06-28', 0),
('b00001', 0, '2019-06-29', 0),
('b00001', 0, '2019-06-30', 0),
('b00002', 0, '2019-06-01', 0),
('b00002', 0, '2019-06-02', 0),
('b00002', 0, '2019-06-03', 0),
('b00002', 0, '2019-06-04', 0),
('b00002', 0, '2019-06-05', 0),
('b00002', 0, '2019-06-06', 0),
('b00002', 0, '2019-06-07', 0),
('b00002', 0, '2019-06-08', 0),
('b00002', 0, '2019-06-09', 0),
('b00002', 0, '2019-06-10', 0),
('b00002', 0, '2019-06-11', 0),
('b00002', 0, '2019-06-12', 0),
('b00002', 0, '2019-06-13', 0),
('b00002', 0, '2019-06-14', 0),
('b00002', 0, '2019-06-15', 0),
('b00002', 0, '2019-06-16', 0),
('b00002', 0, '2019-06-17', 0),
('b00002', 0, '2019-06-18', 0),
('b00002', 0, '2019-06-19', 0),
('b00002', 0, '2019-06-20', 0),
('b00002', 0, '2019-06-21', 0),
('b00002', 0, '2019-06-22', 0),
('b00002', 0, '2019-06-23', 0),
('b00002', 0, '2019-06-24', 0),
('b00002', 0, '2019-06-25', 0),
('b00002', 0, '2019-06-26', 0),
('b00002', 0, '2019-06-27', 0),
('b00002', 0, '2019-06-28', 0),
('b00002', 0, '2019-06-29', 0),
('b00002', 0, '2019-06-30', 0),
('b00003', 0, '2019-06-01', 0),
('b00003', 0, '2019-06-02', 0),
('b00003', 0, '2019-06-03', 0),
('b00003', 0, '2019-06-04', 0),
('b00003', 0, '2019-06-05', 0),
('b00003', 0, '2019-06-06', 0),
('b00003', 0, '2019-06-07', 0),
('b00003', 0, '2019-06-08', 0),
('b00003', 0, '2019-06-09', 0),
('b00003', 0, '2019-06-10', 0),
('b00003', 0, '2019-06-11', 0),
('b00003', 0, '2019-06-12', 0),
('b00003', 0, '2019-06-13', 0),
('b00003', 0, '2019-06-14', 0),
('b00003', 0, '2019-06-15', 0),
('b00003', 0, '2019-06-16', 0),
('b00003', 0, '2019-06-17', 0),
('b00003', 0, '2019-06-18', 0),
('b00003', 0, '2019-06-19', 0),
('b00003', 0, '2019-06-20', 0),
('b00003', 0, '2019-06-21', 0),
('b00003', 0, '2019-06-22', 0),
('b00003', 0, '2019-06-23', 0),
('b00003', 0, '2019-06-24', 0),
('b00003', 0, '2019-06-25', 0),
('b00003', 0, '2019-06-26', 0),
('b00003', 0, '2019-06-27', 0),
('b00003', 0, '2019-06-28', 0),
('b00003', 0, '2019-06-29', 0),
('b00003', 0, '2019-06-30', 0),
('b00004', 0, '2019-06-01', 0),
('b00004', 0, '2019-06-02', 0),
('b00004', 0, '2019-06-03', 0),
('b00004', 30, '2019-06-04', 0),
('b00004', 0, '2019-06-05', 0),
('b00004', 0, '2019-06-06', 0),
('b00004', 0, '2019-06-07', 0),
('b00004', 0, '2019-06-08', 0),
('b00004', 0, '2019-06-09', 0),
('b00004', 0, '2019-06-10', 0),
('b00004', 0, '2019-06-11', 0),
('b00004', 0, '2019-06-12', 0),
('b00004', 0, '2019-06-13', 0),
('b00004', 0, '2019-06-14', 0),
('b00004', 0, '2019-06-15', 0),
('b00004', 0, '2019-06-16', 0),
('b00004', 0, '2019-06-17', 0),
('b00004', 0, '2019-06-18', 0),
('b00004', 0, '2019-06-19', 0),
('b00004', 0, '2019-06-20', 0),
('b00004', 0, '2019-06-21', 0),
('b00004', 0, '2019-06-22', 0),
('b00004', 0, '2019-06-23', 0),
('b00004', 0, '2019-06-24', 0),
('b00004', 0, '2019-06-25', 0),
('b00004', 0, '2019-06-26', 0),
('b00004', 0, '2019-06-27', 0),
('b00004', 0, '2019-06-28', 0),
('b00004', 0, '2019-06-29', 0),
('b00004', 0, '2019-06-30', 0),
('b00005', 0, '2019-06-01', 0),
('b00005', 0, '2019-06-02', 0),
('b00005', 0, '2019-06-03', 0),
('b00005', 0, '2019-06-04', 0),
('b00005', 0, '2019-06-05', 0),
('b00005', 0, '2019-06-06', 0),
('b00005', 0, '2019-06-07', 0),
('b00005', 0, '2019-06-08', 0),
('b00005', 0, '2019-06-09', 0),
('b00005', 0, '2019-06-10', 0),
('b00005', 0, '2019-06-11', 0),
('b00005', 0, '2019-06-12', 0),
('b00005', 0, '2019-06-13', 0),
('b00005', 0, '2019-06-14', 0),
('b00005', 0, '2019-06-15', 0),
('b00005', 0, '2019-06-16', 0),
('b00005', 0, '2019-06-17', 0),
('b00005', 0, '2019-06-18', 0),
('b00005', 0, '2019-06-19', 0),
('b00005', 0, '2019-06-20', 0),
('b00005', 5, '2019-06-21', 0),
('b00005', 0, '2019-06-22', 0),
('b00005', 0, '2019-06-23', 0),
('b00005', 0, '2019-06-24', 0),
('b00005', 0, '2019-06-25', 0),
('b00005', 0, '2019-06-26', 0),
('b00005', 0, '2019-06-27', 0),
('b00005', 0, '2019-06-28', 0),
('b00005', 0, '2019-06-29', 0),
('b00005', 0, '2019-06-30', 0),
('b00006', 0, '2019-06-01', 0),
('b00006', 0, '2019-06-02', 0),
('b00006', 0, '2019-06-03', 0),
('b00006', 0, '2019-06-04', 0),
('b00006', 0, '2019-06-05', 0),
('b00006', 0, '2019-06-06', 0),
('b00006', 0, '2019-06-07', 0),
('b00006', 0, '2019-06-08', 0),
('b00006', 0, '2019-06-09', 0),
('b00006', 0, '2019-06-10', 0),
('b00006', 0, '2019-06-11', 0),
('b00006', 0, '2019-06-12', 0),
('b00006', 0, '2019-06-13', 0),
('b00006', 0, '2019-06-14', 0),
('b00006', 0, '2019-06-15', 0),
('b00006', 0, '2019-06-16', 0),
('b00006', 0, '2019-06-17', 0),
('b00006', 0, '2019-06-18', 0),
('b00006', 0, '2019-06-19', 0),
('b00006', 0, '2019-06-20', 0),
('b00006', 5, '2019-06-21', 0),
('b00006', 0, '2019-06-22', 0),
('b00006', 0, '2019-06-23', 0),
('b00006', 0, '2019-06-24', 0),
('b00006', 0, '2019-06-25', 0),
('b00006', 0, '2019-06-26', 0),
('b00006', 0, '2019-06-27', 0),
('b00006', 0, '2019-06-28', 0),
('b00006', 0, '2019-06-29', 0),
('b00006', 0, '2019-06-30', 0),
('b00007', 0, '2019-06-01', 0),
('b00007', 0, '2019-06-02', 0),
('b00007', 0, '2019-06-03', 0),
('b00007', 0, '2019-06-04', 0),
('b00007', 0, '2019-06-05', 0),
('b00007', 0, '2019-06-06', 0),
('b00007', 0, '2019-06-07', 0),
('b00007', 0, '2019-06-08', 0),
('b00007', 0, '2019-06-09', 0),
('b00007', 0, '2019-06-10', 0),
('b00007', 0, '2019-06-11', 0),
('b00007', 0, '2019-06-12', 0),
('b00007', 0, '2019-06-13', 0),
('b00007', 0, '2019-06-14', 0),
('b00007', 0, '2019-06-15', 0),
('b00007', 0, '2019-06-16', 0),
('b00007', 0, '2019-06-17', 0),
('b00007', 0, '2019-06-18', 0),
('b00007', 0, '2019-06-19', 0),
('b00007', 0, '2019-06-20', 0),
('b00007', 0, '2019-06-21', 0),
('b00007', 0, '2019-06-22', 0),
('b00007', 0, '2019-06-23', 0),
('b00007', 0, '2019-06-24', 0),
('b00007', 0, '2019-06-25', 0),
('b00007', 0, '2019-06-26', 0),
('b00007', 0, '2019-06-27', 0),
('b00007', 0, '2019-06-28', 0),
('b00007', 0, '2019-06-29', 0),
('b00007', 0, '2019-06-30', 0),
('b00001', 0, '2019-05-01', 0),
('b00001', 0, '2019-05-02', 0),
('b00001', 0, '2019-05-03', 0),
('b00001', 0, '2019-05-04', 0),
('b00001', 0, '2019-05-05', 0),
('b00001', 0, '2019-05-06', 0),
('b00001', 0, '2019-05-07', 0),
('b00001', 0, '2019-05-08', 0),
('b00001', 0, '2019-05-09', 0),
('b00001', 0, '2019-05-10', 0),
('b00001', 0, '2019-05-11', 0),
('b00001', 0, '2019-05-12', 0),
('b00001', 0, '2019-05-13', 0),
('b00001', 0, '2019-05-14', 0),
('b00001', 0, '2019-05-15', 0),
('b00001', 0, '2019-05-16', 0),
('b00001', 0, '2019-05-17', 0),
('b00001', 0, '2019-05-18', 0),
('b00001', 0, '2019-05-19', 0),
('b00001', 0, '2019-05-20', 0),
('b00001', 0, '2019-05-21', 0),
('b00001', 0, '2019-05-22', 0),
('b00001', 0, '2019-05-23', 0),
('b00001', 0, '2019-05-24', 0),
('b00001', 0, '2019-05-25', 0),
('b00001', 0, '2019-05-26', 0),
('b00001', 0, '2019-05-27', 0),
('b00001', 0, '2019-05-28', 0),
('b00001', 0, '2019-05-29', 0),
('b00001', 0, '2019-05-30', 0),
('b00001', 0, '2019-05-31', 0),
('b00002', 0, '2019-05-01', 0),
('b00002', 0, '2019-05-02', 0),
('b00002', 0, '2019-05-03', 0),
('b00002', 0, '2019-05-04', 0),
('b00002', 0, '2019-05-05', 0),
('b00002', 0, '2019-05-06', 0),
('b00002', 0, '2019-05-07', 0),
('b00002', 0, '2019-05-08', 0),
('b00002', 0, '2019-05-09', 0),
('b00002', 0, '2019-05-10', 0),
('b00002', 0, '2019-05-11', 0),
('b00002', 0, '2019-05-12', 0),
('b00002', 0, '2019-05-13', 0),
('b00002', 0, '2019-05-14', 0),
('b00002', 25, '2019-05-15', 0),
('b00002', 0, '2019-05-16', 0),
('b00002', 0, '2019-05-17', 0),
('b00002', 0, '2019-05-18', 0),
('b00002', 0, '2019-05-19', 0),
('b00002', 0, '2019-05-20', 0),
('b00002', 0, '2019-05-21', 0),
('b00002', 0, '2019-05-22', 0),
('b00002', 0, '2019-05-23', 0),
('b00002', 0, '2019-05-24', 0),
('b00002', 0, '2019-05-25', 0),
('b00002', 0, '2019-05-26', 0),
('b00002', 0, '2019-05-27', 0),
('b00002', 0, '2019-05-28', 0),
('b00002', 0, '2019-05-29', 0),
('b00002', 0, '2019-05-30', 0),
('b00002', 0, '2019-05-31', 0),
('b00003', 30, '2019-05-01', 30),
('b00003', 0, '2019-05-02', 0),
('b00003', 0, '2019-05-03', 0),
('b00003', 0, '2019-05-04', 0),
('b00003', 0, '2019-05-05', 0),
('b00003', 0, '2019-05-06', 0),
('b00003', 0, '2019-05-07', 0),
('b00003', 0, '2019-05-08', 0),
('b00003', 0, '2019-05-09', 0),
('b00003', 0, '2019-05-10', 0),
('b00003', 0, '2019-05-11', 0),
('b00003', 0, '2019-05-12', 0),
('b00003', 0, '2019-05-13', 0),
('b00003', 0, '2019-05-14', 0),
('b00003', 35, '2019-05-15', 0),
('b00003', 0, '2019-05-16', 0),
('b00003', 0, '2019-05-17', 0),
('b00003', 0, '2019-05-18', 0),
('b00003', 0, '2019-05-19', 0),
('b00003', 0, '2019-05-20', 0),
('b00003', 0, '2019-05-21', 0),
('b00003', 0, '2019-05-22', 0),
('b00003', 0, '2019-05-23', 0),
('b00003', 0, '2019-05-24', 0),
('b00003', 0, '2019-05-25', 0),
('b00003', 0, '2019-05-26', 0),
('b00003', 0, '2019-05-27', 0),
('b00003', 0, '2019-05-28', 0),
('b00003', 0, '2019-05-29', 0),
('b00003', 0, '2019-05-30', 0),
('b00003', 0, '2019-05-31', 0),
('b00004', 0, '2019-05-01', 0),
('b00004', 0, '2019-05-02', 0),
('b00004', 0, '2019-05-03', 0),
('b00004', 0, '2019-05-04', 0),
('b00004', 0, '2019-05-05', 0),
('b00004', 0, '2019-05-06', 0),
('b00004', 0, '2019-05-07', 0),
('b00004', 0, '2019-05-08', 0),
('b00004', 0, '2019-05-09', 0),
('b00004', 0, '2019-05-10', 0),
('b00004', 0, '2019-05-11', 0),
('b00004', 0, '2019-05-12', 0),
('b00004', 0, '2019-05-13', 0),
('b00004', 0, '2019-05-14', 0),
('b00004', 0, '2019-05-15', 0),
('b00004', 0, '2019-05-16', 0),
('b00004', 0, '2019-05-17', 0),
('b00004', 0, '2019-05-18', 0),
('b00004', 0, '2019-05-19', 0),
('b00004', 0, '2019-05-20', 0),
('b00004', 0, '2019-05-21', 0),
('b00004', 0, '2019-05-22', 0),
('b00004', 0, '2019-05-23', 0),
('b00004', 0, '2019-05-24', 0),
('b00004', 0, '2019-05-25', 0),
('b00004', 0, '2019-05-26', 0),
('b00004', 0, '2019-05-27', 0),
('b00004', 0, '2019-05-28', 0),
('b00004', 0, '2019-05-29', 0),
('b00004', 0, '2019-05-30', 0),
('b00004', 0, '2019-05-31', 0),
('b00005', 0, '2019-05-01', 0),
('b00005', 0, '2019-05-02', 0),
('b00005', 0, '2019-05-03', 0),
('b00005', 0, '2019-05-04', 0),
('b00005', 0, '2019-05-05', 0),
('b00005', 0, '2019-05-06', 0),
('b00005', 0, '2019-05-07', 0),
('b00005', 0, '2019-05-08', 0),
('b00005', 0, '2019-05-09', 0),
('b00005', 0, '2019-05-10', 0),
('b00005', 0, '2019-05-11', 0),
('b00005', 0, '2019-05-12', 0),
('b00005', 0, '2019-05-13', 0),
('b00005', 0, '2019-05-14', 0),
('b00005', 0, '2019-05-15', 0),
('b00005', 0, '2019-05-16', 0),
('b00005', 0, '2019-05-17', 0),
('b00005', 0, '2019-05-18', 0),
('b00005', 0, '2019-05-19', 0),
('b00005', 0, '2019-05-20', 0),
('b00005', 0, '2019-05-21', 0),
('b00005', 0, '2019-05-22', 0),
('b00005', 0, '2019-05-23', 0),
('b00005', 0, '2019-05-24', 0),
('b00005', 0, '2019-05-25', 0),
('b00005', 0, '2019-05-26', 0),
('b00005', 0, '2019-05-27', 0),
('b00005', 0, '2019-05-28', 0),
('b00005', 0, '2019-05-29', 0),
('b00005', 0, '2019-05-30', 0),
('b00005', 0, '2019-05-31', 0),
('b00006', 0, '2019-05-01', 0),
('b00006', 0, '2019-05-02', 0),
('b00006', 0, '2019-05-03', 0),
('b00006', 0, '2019-05-04', 0),
('b00006', 0, '2019-05-05', 0),
('b00006', 0, '2019-05-06', 0),
('b00006', 0, '2019-05-07', 0),
('b00006', 0, '2019-05-08', 0),
('b00006', 0, '2019-05-09', 0),
('b00006', 0, '2019-05-10', 0),
('b00006', 0, '2019-05-11', 0),
('b00006', 0, '2019-05-12', 0),
('b00006', 0, '2019-05-13', 0),
('b00006', 0, '2019-05-14', 0),
('b00006', 0, '2019-05-15', 0),
('b00006', 0, '2019-05-16', 0),
('b00006', 0, '2019-05-17', 0),
('b00006', 0, '2019-05-18', 0),
('b00006', 0, '2019-05-19', 0),
('b00006', 0, '2019-05-20', 0),
('b00006', 0, '2019-05-21', 0),
('b00006', 0, '2019-05-22', 0),
('b00006', 0, '2019-05-23', 0),
('b00006', 0, '2019-05-24', 0),
('b00006', 0, '2019-05-25', 0),
('b00006', 0, '2019-05-26', 0),
('b00006', 0, '2019-05-27', 0),
('b00006', 0, '2019-05-28', 0),
('b00006', 0, '2019-05-29', 0),
('b00006', 0, '2019-05-30', 0),
('b00006', 0, '2019-05-31', 0),
('b00007', 0, '2019-05-01', 0),
('b00007', 0, '2019-05-02', 0),
('b00007', 0, '2019-05-03', 0),
('b00007', 0, '2019-05-04', 0),
('b00007', 0, '2019-05-05', 0),
('b00007', 0, '2019-05-06', 0),
('b00007', 0, '2019-05-07', 0),
('b00007', 0, '2019-05-08', 0),
('b00007', 0, '2019-05-09', 0),
('b00007', 0, '2019-05-10', 0),
('b00007', 0, '2019-05-11', 0),
('b00007', 0, '2019-05-12', 0),
('b00007', 0, '2019-05-13', 0),
('b00007', 0, '2019-05-14', 0),
('b00007', 0, '2019-05-15', 0),
('b00007', 0, '2019-05-16', 0),
('b00007', 0, '2019-05-17', 0),
('b00007', 0, '2019-05-18', 0),
('b00007', 0, '2019-05-19', 0),
('b00007', 0, '2019-05-20', 0),
('b00007', 0, '2019-05-21', 0),
('b00007', 0, '2019-05-22', 0),
('b00007', 0, '2019-05-23', 0),
('b00007', 0, '2019-05-24', 0),
('b00007', 0, '2019-05-25', 0),
('b00007', 0, '2019-05-26', 0),
('b00007', 0, '2019-05-27', 0),
('b00007', 0, '2019-05-28', 0),
('b00007', 0, '2019-05-29', 0),
('b00007', 0, '2019-05-30', 0),
('b00007', 0, '2019-05-31', 0),
('b00001', 0, '2019-04-01', 0),
('b00001', 0, '2019-04-02', 0),
('b00001', 0, '2019-04-03', 0),
('b00001', 0, '2019-04-04', 0),
('b00001', 0, '2019-04-05', 0),
('b00001', 0, '2019-04-06', 0),
('b00001', 0, '2019-04-07', 0),
('b00001', 0, '2019-04-08', 0),
('b00001', 0, '2019-04-09', 0),
('b00001', 0, '2019-04-10', 0),
('b00001', 0, '2019-04-11', 0),
('b00001', 0, '2019-04-12', 0),
('b00001', 60, '2019-04-13', 0),
('b00001', 0, '2019-04-14', 0),
('b00001', 0, '2019-04-15', 0),
('b00001', 0, '2019-04-16', 0),
('b00001', 0, '2019-04-17', 0),
('b00001', 0, '2019-04-18', 0),
('b00001', 0, '2019-04-19', 0),
('b00001', 0, '2019-04-20', 0),
('b00001', 0, '2019-04-21', 0),
('b00001', 0, '2019-04-22', 0),
('b00001', 0, '2019-04-23', 0),
('b00001', 0, '2019-04-24', 0),
('b00001', 0, '2019-04-25', 0),
('b00001', 0, '2019-04-26', 0),
('b00001', 0, '2019-04-27', 0),
('b00001', 0, '2019-04-28', 0),
('b00001', 0, '2019-04-29', 0),
('b00001', 0, '2019-04-30', 0),
('b00002', 0, '2019-04-01', 0),
('b00002', 0, '2019-04-02', 0),
('b00002', 0, '2019-04-03', 0),
('b00002', 0, '2019-04-04', 0),
('b00002', 0, '2019-04-05', 0),
('b00002', 0, '2019-04-06', 0),
('b00002', 0, '2019-04-07', 0),
('b00002', 0, '2019-04-08', 0),
('b00002', 0, '2019-04-09', 0),
('b00002', 0, '2019-04-10', 0),
('b00002', 0, '2019-04-11', 0),
('b00002', 0, '2019-04-12', 0),
('b00002', 0, '2019-04-13', 0),
('b00002', 0, '2019-04-14', 0),
('b00002', 0, '2019-04-15', 0),
('b00002', 0, '2019-04-16', 0),
('b00002', 0, '2019-04-17', 0),
('b00002', 0, '2019-04-18', 0),
('b00002', 0, '2019-04-19', 0),
('b00002', 0, '2019-04-20', 0),
('b00002', 0, '2019-04-21', 0),
('b00002', 0, '2019-04-22', 0),
('b00002', 0, '2019-04-23', 0),
('b00002', 0, '2019-04-24', 0),
('b00002', 0, '2019-04-25', 0),
('b00002', 0, '2019-04-26', 0),
('b00002', 0, '2019-04-27', 0),
('b00002', 0, '2019-04-28', 0),
('b00002', 0, '2019-04-29', 0),
('b00002', 0, '2019-04-30', 0),
('b00003', 0, '2019-04-01', 0),
('b00003', 0, '2019-04-02', 0),
('b00003', 0, '2019-04-03', 0),
('b00003', 0, '2019-04-04', 0),
('b00003', 0, '2019-04-05', 0),
('b00003', 0, '2019-04-06', 0),
('b00003', 0, '2019-04-07', 0),
('b00003', 0, '2019-04-08', 0),
('b00003', 0, '2019-04-09', 0),
('b00003', 0, '2019-04-10', 0),
('b00003', 0, '2019-04-11', 0),
('b00003', 0, '2019-04-12', 0),
('b00003', 0, '2019-04-13', 0),
('b00003', 0, '2019-04-14', 0),
('b00003', 0, '2019-04-15', 0),
('b00003', 0, '2019-04-16', 0),
('b00003', 0, '2019-04-17', 0),
('b00003', 0, '2019-04-18', 0),
('b00003', 0, '2019-04-19', 0),
('b00003', 0, '2019-04-20', 0),
('b00003', 0, '2019-04-21', 0),
('b00003', 0, '2019-04-22', 0),
('b00003', 0, '2019-04-23', 0),
('b00003', 0, '2019-04-24', 0),
('b00003', 0, '2019-04-25', 0),
('b00003', 0, '2019-04-26', 0),
('b00003', 0, '2019-04-27', 0),
('b00003', 0, '2019-04-28', 0),
('b00003', 0, '2019-04-29', 0),
('b00003', 0, '2019-04-30', 0),
('b00004', 0, '2019-04-01', 0),
('b00004', 0, '2019-04-02', 0),
('b00004', 0, '2019-04-03', 0),
('b00004', 0, '2019-04-04', 0),
('b00004', 0, '2019-04-05', 0),
('b00004', 0, '2019-04-06', 0),
('b00004', 0, '2019-04-07', 0),
('b00004', 0, '2019-04-08', 0),
('b00004', 0, '2019-04-09', 0),
('b00004', 0, '2019-04-10', 0),
('b00004', 0, '2019-04-11', 0),
('b00004', 0, '2019-04-12', 0),
('b00004', 0, '2019-04-13', 0),
('b00004', 0, '2019-04-14', 0),
('b00004', 0, '2019-04-15', 0),
('b00004', 0, '2019-04-16', 0),
('b00004', 0, '2019-04-17', 0),
('b00004', 0, '2019-04-18', 0),
('b00004', 0, '2019-04-19', 0),
('b00004', 0, '2019-04-20', 0),
('b00004', 0, '2019-04-21', 0),
('b00004', 0, '2019-04-22', 0),
('b00004', 0, '2019-04-23', 0),
('b00004', 0, '2019-04-24', 0),
('b00004', 0, '2019-04-25', 0),
('b00004', 0, '2019-04-26', 0),
('b00004', 0, '2019-04-27', 0),
('b00004', 0, '2019-04-28', 0),
('b00004', 0, '2019-04-29', 0),
('b00004', 0, '2019-04-30', 0),
('b00005', 0, '2019-04-01', 0),
('b00005', 0, '2019-04-02', 0),
('b00005', 0, '2019-04-03', 0),
('b00005', 0, '2019-04-04', 0),
('b00005', 0, '2019-04-05', 0),
('b00005', 0, '2019-04-06', 0),
('b00005', 0, '2019-04-07', 0),
('b00005', 0, '2019-04-08', 0),
('b00005', 0, '2019-04-09', 0),
('b00005', 0, '2019-04-10', 0),
('b00005', 0, '2019-04-11', 0),
('b00005', 0, '2019-04-12', 0),
('b00005', 0, '2019-04-13', 0),
('b00005', 0, '2019-04-14', 0),
('b00005', 0, '2019-04-15', 0),
('b00005', 0, '2019-04-16', 0),
('b00005', 0, '2019-04-17', 0),
('b00005', 0, '2019-04-18', 0),
('b00005', 0, '2019-04-19', 0),
('b00005', 0, '2019-04-20', 0),
('b00005', 0, '2019-04-21', 0),
('b00005', 0, '2019-04-22', 0),
('b00005', 0, '2019-04-23', 0),
('b00005', 0, '2019-04-24', 0),
('b00005', 0, '2019-04-25', 0),
('b00005', 0, '2019-04-26', 0),
('b00005', 0, '2019-04-27', 0),
('b00005', 0, '2019-04-28', 0),
('b00005', 0, '2019-04-29', 0),
('b00005', 0, '2019-04-30', 0),
('b00006', 0, '2019-04-01', 0),
('b00006', 0, '2019-04-02', 0),
('b00006', 0, '2019-04-03', 0),
('b00006', 0, '2019-04-04', 0),
('b00006', 0, '2019-04-05', 0),
('b00006', 0, '2019-04-06', 0),
('b00006', 0, '2019-04-07', 0),
('b00006', 0, '2019-04-08', 0),
('b00006', 0, '2019-04-09', 0),
('b00006', 0, '2019-04-10', 0),
('b00006', 0, '2019-04-11', 0),
('b00006', 0, '2019-04-12', 0),
('b00006', 0, '2019-04-13', 0),
('b00006', 0, '2019-04-14', 0),
('b00006', 0, '2019-04-15', 0),
('b00006', 0, '2019-04-16', 0),
('b00006', 0, '2019-04-17', 0),
('b00006', 0, '2019-04-18', 0),
('b00006', 0, '2019-04-19', 0),
('b00006', 0, '2019-04-20', 0),
('b00006', 0, '2019-04-21', 0),
('b00006', 0, '2019-04-22', 0),
('b00006', 0, '2019-04-23', 0),
('b00006', 0, '2019-04-24', 0),
('b00006', 0, '2019-04-25', 0),
('b00006', 0, '2019-04-26', 0),
('b00006', 0, '2019-04-27', 0),
('b00006', 0, '2019-04-28', 0),
('b00006', 0, '2019-04-29', 0),
('b00006', 0, '2019-04-30', 0),
('b00007', 0, '2019-04-01', 0),
('b00007', 0, '2019-04-02', 0),
('b00007', 0, '2019-04-03', 0),
('b00007', 0, '2019-04-04', 0),
('b00007', 0, '2019-04-05', 0),
('b00007', 0, '2019-04-06', 0),
('b00007', 0, '2019-04-07', 0),
('b00007', 0, '2019-04-08', 0),
('b00007', 0, '2019-04-09', 0),
('b00007', 0, '2019-04-10', 0),
('b00007', 0, '2019-04-11', 0),
('b00007', 0, '2019-04-12', 0),
('b00007', 0, '2019-04-13', 0),
('b00007', 0, '2019-04-14', 0),
('b00007', 0, '2019-04-15', 0),
('b00007', 0, '2019-04-16', 0),
('b00007', 0, '2019-04-17', 0),
('b00007', 0, '2019-04-18', 0),
('b00007', 0, '2019-04-19', 0),
('b00007', 0, '2019-04-20', 0),
('b00007', 0, '2019-04-21', 0),
('b00007', 0, '2019-04-22', 0),
('b00007', 0, '2019-04-23', 0),
('b00007', 0, '2019-04-24', 0),
('b00007', 0, '2019-04-25', 0),
('b00007', 0, '2019-04-26', 0),
('b00007', 0, '2019-04-27', 0),
('b00007', 0, '2019-04-28', 0),
('b00007', 0, '2019-04-29', 0),
('b00007', 0, '2019-04-30', 0),
('b00001', 30, '2018-01-01', 30),
('b00001', 20, '2018-02-01', 20),
('b00001', 30, '2018-03-01', 30),
('b00001', 30, '2018-04-02', 30),
('b00001', 30, '2018-05-01', 30),
('b00001', 30, '2018-06-01', 30),
('b00001', 20, '2018-07-01', 20),
('b00001', 25, '2018-08-01', 25),
('b00001', 25, '2018-09-01', 25),
('b00001', 20, '2018-10-01', 20),
('b00001', 20, '2018-11-01', 20),
('b00001', 20, '2018-12-01', 20),
('b00008', 0, '2019-06-01', 0),
('b00008', 0, '2019-06-02', 0),
('b00008', 0, '2019-06-03', 0),
('b00008', 0, '2019-06-04', 0),
('b00008', 0, '2019-06-05', 0),
('b00008', 0, '2019-06-06', 0),
('b00008', 0, '2019-06-07', 0),
('b00008', 0, '2019-06-08', 0),
('b00008', 0, '2019-06-09', 0),
('b00008', 0, '2019-06-10', 0),
('b00008', 0, '2019-06-11', 0),
('b00008', 0, '2019-06-12', 0),
('b00008', 0, '2019-06-13', 0),
('b00008', 0, '2019-06-14', 0),
('b00008', 0, '2019-06-15', 0),
('b00008', 0, '2019-06-16', 0),
('b00008', 0, '2019-06-17', 0),
('b00008', 0, '2019-06-18', 0),
('b00008', 0, '2019-06-19', 0),
('b00008', 0, '2019-06-20', 0),
('b00008', 0, '2019-06-21', 0),
('b00008', 0, '2019-06-22', 0),
('b00008', 0, '2019-06-23', 0),
('b00008', 0, '2019-06-24', 0),
('b00008', 0, '2019-06-25', 0),
('b00008', 0, '2019-06-26', 0),
('b00008', 0, '2019-06-27', 0),
('b00008', 0, '2019-06-28', 0),
('b00008', 0, '2019-06-29', 0),
('b00008', 0, '2019-06-30', 0),
('b00009', 0, '2019-06-01', 0),
('b00009', 0, '2019-06-02', 0),
('b00009', 0, '2019-06-03', 0),
('b00009', 0, '2019-06-04', 0),
('b00009', 0, '2019-06-05', 0),
('b00009', 0, '2019-06-06', 0),
('b00009', 0, '2019-06-07', 0),
('b00009', 0, '2019-06-08', 0),
('b00009', 0, '2019-06-09', 0),
('b00009', 0, '2019-06-10', 0),
('b00009', 0, '2019-06-11', 0),
('b00009', 0, '2019-06-12', 0),
('b00009', 0, '2019-06-13', 0),
('b00009', 0, '2019-06-14', 0),
('b00009', 0, '2019-06-15', 0),
('b00009', 0, '2019-06-16', 0),
('b00009', 0, '2019-06-17', 0),
('b00009', 0, '2019-06-18', 0),
('b00009', 0, '2019-06-19', 0),
('b00009', 0, '2019-06-20', 0),
('b00009', 0, '2019-06-21', 0),
('b00009', 0, '2019-06-22', 0),
('b00009', 0, '2019-06-23', 0),
('b00009', 0, '2019-06-24', 0),
('b00009', 0, '2019-06-25', 0),
('b00009', 0, '2019-06-26', 0),
('b00009', 0, '2019-06-27', 0),
('b00009', 0, '2019-06-28', 0),
('b00009', 0, '2019-06-29', 0),
('b00009', 0, '2019-06-30', 0),
('b00010', 0, '2019-06-01', 0),
('b00010', 0, '2019-06-02', 0),
('b00010', 0, '2019-06-03', 0),
('b00010', 0, '2019-06-04', 0),
('b00010', 0, '2019-06-05', 0),
('b00010', 0, '2019-06-06', 0),
('b00010', 0, '2019-06-07', 0),
('b00010', 0, '2019-06-08', 0),
('b00010', 0, '2019-06-09', 0),
('b00010', 0, '2019-06-10', 0),
('b00010', 0, '2019-06-11', 0),
('b00010', 0, '2019-06-12', 0),
('b00010', 0, '2019-06-13', 0),
('b00010', 0, '2019-06-14', 0),
('b00010', 0, '2019-06-15', 0),
('b00010', 0, '2019-06-16', 0),
('b00010', 0, '2019-06-17', 0),
('b00010', 0, '2019-06-18', 0),
('b00010', 0, '2019-06-19', 0),
('b00010', 0, '2019-06-20', 0),
('b00010', 0, '2019-06-21', 0),
('b00010', 0, '2019-06-22', 0),
('b00010', 0, '2019-06-23', 0),
('b00010', 0, '2019-06-24', 0),
('b00010', 0, '2019-06-25', 0),
('b00010', 0, '2019-06-26', 0),
('b00010', 0, '2019-06-27', 0),
('b00010', 0, '2019-06-28', 0),
('b00010', 0, '2019-06-29', 0),
('b00010', 0, '2019-06-30', 0),
('b00011', 0, '2019-06-01', 0),
('b00011', 0, '2019-06-02', 0),
('b00011', 0, '2019-06-03', 0),
('b00011', 0, '2019-06-04', 0),
('b00011', 0, '2019-06-05', 0),
('b00011', 0, '2019-06-06', 0),
('b00011', 0, '2019-06-07', 0),
('b00011', 0, '2019-06-08', 0),
('b00011', 0, '2019-06-09', 0),
('b00011', 0, '2019-06-10', 0),
('b00011', 0, '2019-06-11', 0),
('b00011', 0, '2019-06-12', 0),
('b00011', 0, '2019-06-13', 0),
('b00011', 0, '2019-06-14', 0),
('b00011', 0, '2019-06-15', 0),
('b00011', 0, '2019-06-16', 0),
('b00011', 0, '2019-06-17', 0),
('b00011', 0, '2019-06-18', 0),
('b00011', 0, '2019-06-19', 0),
('b00011', 0, '2019-06-20', 0),
('b00011', 0, '2019-06-21', 0),
('b00011', 0, '2019-06-22', 0),
('b00011', 0, '2019-06-23', 0),
('b00011', 0, '2019-06-24', 0),
('b00011', 0, '2019-06-25', 0),
('b00011', 0, '2019-06-26', 0),
('b00011', 0, '2019-06-27', 0),
('b00011', 0, '2019-06-28', 0),
('b00011', 0, '2019-06-29', 0),
('b00011', 0, '2019-06-30', 0),
('b00008', 0, '2019-05-01', 0),
('b00008', 0, '2019-05-02', 0),
('b00008', 0, '2019-05-03', 0),
('b00008', 0, '2019-05-04', 0),
('b00008', 0, '2019-05-05', 0),
('b00008', 0, '2019-05-06', 0),
('b00008', 0, '2019-05-07', 0),
('b00008', 0, '2019-05-08', 0),
('b00008', 0, '2019-05-09', 0),
('b00008', 0, '2019-05-10', 0),
('b00008', 0, '2019-05-11', 0),
('b00008', 0, '2019-05-12', 0),
('b00008', 0, '2019-05-13', 0),
('b00008', 0, '2019-05-14', 0),
('b00008', 0, '2019-05-15', 0),
('b00008', 0, '2019-05-16', 0),
('b00008', 0, '2019-05-17', 0),
('b00008', 0, '2019-05-18', 0),
('b00008', 0, '2019-05-19', 0),
('b00008', 0, '2019-05-20', 0),
('b00008', 0, '2019-05-21', 0),
('b00008', 0, '2019-05-22', 0),
('b00008', 0, '2019-05-23', 0),
('b00008', 0, '2019-05-24', 0),
('b00008', 0, '2019-05-25', 0),
('b00008', 0, '2019-05-26', 0),
('b00008', 0, '2019-05-27', 0),
('b00008', 0, '2019-05-28', 0),
('b00008', 0, '2019-05-29', 0),
('b00008', 0, '2019-05-30', 0),
('b00008', 0, '2019-05-31', 0),
('b00009', 0, '2019-05-01', 0),
('b00009', 0, '2019-05-02', 0),
('b00009', 0, '2019-05-03', 0),
('b00009', 0, '2019-05-04', 0),
('b00009', 0, '2019-05-05', 0),
('b00009', 0, '2019-05-06', 0),
('b00009', 0, '2019-05-07', 0),
('b00009', 0, '2019-05-08', 0),
('b00009', 0, '2019-05-09', 0),
('b00009', 0, '2019-05-10', 0),
('b00009', 0, '2019-05-11', 0),
('b00009', 0, '2019-05-12', 0),
('b00009', 0, '2019-05-13', 0),
('b00009', 0, '2019-05-14', 0),
('b00009', 0, '2019-05-15', 0),
('b00009', 0, '2019-05-16', 0),
('b00009', 0, '2019-05-17', 0),
('b00009', 0, '2019-05-18', 0),
('b00009', 0, '2019-05-19', 0),
('b00009', 0, '2019-05-20', 0),
('b00009', 0, '2019-05-21', 0),
('b00009', 0, '2019-05-22', 0),
('b00009', 0, '2019-05-23', 0),
('b00009', 0, '2019-05-24', 0),
('b00009', 0, '2019-05-25', 0),
('b00009', 0, '2019-05-26', 0),
('b00009', 0, '2019-05-27', 0),
('b00009', 0, '2019-05-28', 0),
('b00009', 0, '2019-05-29', 0),
('b00009', 0, '2019-05-30', 0),
('b00009', 0, '2019-05-31', 0),
('b00010', 0, '2019-05-01', 0),
('b00010', 0, '2019-05-02', 0),
('b00010', 0, '2019-05-03', 0),
('b00010', 0, '2019-05-04', 0),
('b00010', 0, '2019-05-05', 0),
('b00010', 0, '2019-05-06', 0),
('b00010', 0, '2019-05-07', 0),
('b00010', 0, '2019-05-08', 0),
('b00010', 0, '2019-05-09', 0),
('b00010', 0, '2019-05-10', 0),
('b00010', 0, '2019-05-11', 0),
('b00010', 0, '2019-05-12', 0),
('b00010', 0, '2019-05-13', 0),
('b00010', 0, '2019-05-14', 0),
('b00010', 0, '2019-05-15', 0),
('b00010', 0, '2019-05-16', 0),
('b00010', 0, '2019-05-17', 0),
('b00010', 0, '2019-05-18', 0),
('b00010', 0, '2019-05-19', 0),
('b00010', 0, '2019-05-20', 0),
('b00010', 0, '2019-05-21', 0),
('b00010', 0, '2019-05-22', 0),
('b00010', 0, '2019-05-23', 0),
('b00010', 0, '2019-05-24', 0),
('b00010', 0, '2019-05-25', 0),
('b00010', 0, '2019-05-26', 0),
('b00010', 0, '2019-05-27', 0),
('b00010', 0, '2019-05-28', 0),
('b00010', 0, '2019-05-29', 0),
('b00010', 0, '2019-05-30', 0),
('b00010', 0, '2019-05-31', 0),
('b00011', 0, '2019-05-01', 0),
('b00011', 0, '2019-05-02', 0),
('b00011', 0, '2019-05-03', 0),
('b00011', 0, '2019-05-04', 0),
('b00011', 0, '2019-05-05', 0),
('b00011', 0, '2019-05-06', 0),
('b00011', 0, '2019-05-07', 0),
('b00011', 0, '2019-05-08', 0),
('b00011', 0, '2019-05-09', 0),
('b00011', 0, '2019-05-10', 0),
('b00011', 0, '2019-05-11', 0),
('b00011', 0, '2019-05-12', 0),
('b00011', 0, '2019-05-13', 0),
('b00011', 0, '2019-05-14', 0),
('b00011', 0, '2019-05-15', 0),
('b00011', 0, '2019-05-16', 0),
('b00011', 0, '2019-05-17', 0),
('b00011', 0, '2019-05-18', 0),
('b00011', 0, '2019-05-19', 0),
('b00011', 0, '2019-05-20', 0),
('b00011', 0, '2019-05-21', 0),
('b00011', 0, '2019-05-22', 0),
('b00011', 0, '2019-05-23', 0),
('b00011', 0, '2019-05-24', 0),
('b00011', 0, '2019-05-25', 0),
('b00011', 0, '2019-05-26', 0),
('b00011', 0, '2019-05-27', 0),
('b00011', 0, '2019-05-28', 0),
('b00011', 0, '2019-05-29', 0),
('b00011', 0, '2019-05-30', 0),
('b00011', 0, '2019-05-31', 0),
('b00001', 0, '2019-01-01', 0),
('b00001', 0, '2019-01-02', 0),
('b00001', 0, '2019-01-03', 0),
('b00001', 0, '2019-01-04', 0),
('b00001', 0, '2019-01-05', 0),
('b00001', 0, '2019-01-06', 0),
('b00001', 0, '2019-01-07', 0),
('b00001', 0, '2019-01-08', 0),
('b00001', 0, '2019-01-09', 0),
('b00001', 0, '2019-01-10', 0),
('b00001', 0, '2019-01-11', 0),
('b00001', 0, '2019-01-12', 0),
('b00001', 0, '2019-01-13', 0),
('b00001', 0, '2019-01-14', 0),
('b00001', 0, '2019-01-15', 0),
('b00001', 0, '2019-01-16', 0),
('b00001', 0, '2019-01-17', 0),
('b00001', 0, '2019-01-18', 0),
('b00001', 0, '2019-01-19', 0),
('b00001', 0, '2019-01-20', 0),
('b00001', 0, '2019-01-21', 0),
('b00001', 0, '2019-01-22', 0),
('b00001', 0, '2019-01-23', 0),
('b00001', 0, '2019-01-24', 0),
('b00001', 0, '2019-01-25', 0),
('b00001', 0, '2019-01-26', 0),
('b00001', 0, '2019-01-27', 0),
('b00001', 0, '2019-01-28', 0),
('b00001', 0, '2019-01-29', 0),
('b00001', 0, '2019-01-30', 0),
('b00001', 0, '2019-01-31', 0),
('b00002', 0, '2019-01-01', 0),
('b00002', 0, '2019-01-02', 0),
('b00002', 0, '2019-01-03', 0),
('b00002', 0, '2019-01-04', 0),
('b00002', 0, '2019-01-05', 0),
('b00002', 0, '2019-01-06', 0),
('b00002', 0, '2019-01-07', 0),
('b00002', 0, '2019-01-08', 0),
('b00002', 0, '2019-01-09', 0),
('b00002', 0, '2019-01-10', 0),
('b00002', 0, '2019-01-11', 0),
('b00002', 0, '2019-01-12', 0),
('b00002', 0, '2019-01-13', 0),
('b00002', 0, '2019-01-14', 0),
('b00002', 0, '2019-01-15', 0),
('b00002', 0, '2019-01-16', 0),
('b00002', 0, '2019-01-17', 0),
('b00002', 0, '2019-01-18', 0),
('b00002', 0, '2019-01-19', 0),
('b00002', 0, '2019-01-20', 0),
('b00002', 0, '2019-01-21', 0),
('b00002', 0, '2019-01-22', 0),
('b00002', 0, '2019-01-23', 0),
('b00002', 0, '2019-01-24', 0),
('b00002', 0, '2019-01-25', 0),
('b00002', 0, '2019-01-26', 0),
('b00002', 0, '2019-01-27', 0),
('b00002', 0, '2019-01-28', 0),
('b00002', 0, '2019-01-29', 0),
('b00002', 0, '2019-01-30', 0),
('b00002', 0, '2019-01-31', 0),
('b00003', 0, '2019-01-01', 0),
('b00003', 0, '2019-01-02', 0),
('b00003', 0, '2019-01-03', 0),
('b00003', 0, '2019-01-04', 0),
('b00003', 0, '2019-01-05', 0),
('b00003', 0, '2019-01-06', 0),
('b00003', 0, '2019-01-07', 0),
('b00003', 0, '2019-01-08', 0),
('b00003', 0, '2019-01-09', 0),
('b00003', 0, '2019-01-10', 0),
('b00003', 0, '2019-01-11', 0),
('b00003', 0, '2019-01-12', 0),
('b00003', 0, '2019-01-13', 0),
('b00003', 0, '2019-01-14', 0),
('b00003', 0, '2019-01-15', 0),
('b00003', 0, '2019-01-16', 0),
('b00003', 0, '2019-01-17', 0),
('b00003', 0, '2019-01-18', 0),
('b00003', 0, '2019-01-19', 0),
('b00003', 0, '2019-01-20', 0),
('b00003', 0, '2019-01-21', 0),
('b00003', 0, '2019-01-22', 0),
('b00003', 0, '2019-01-23', 0),
('b00003', 0, '2019-01-24', 0),
('b00003', 0, '2019-01-25', 0),
('b00003', 0, '2019-01-26', 0),
('b00003', 0, '2019-01-27', 0),
('b00003', 0, '2019-01-28', 0),
('b00003', 0, '2019-01-29', 0),
('b00003', 0, '2019-01-30', 0),
('b00003', 0, '2019-01-31', 0),
('b00004', 0, '2019-01-01', 0),
('b00004', 0, '2019-01-02', 0),
('b00004', 0, '2019-01-03', 0),
('b00004', 0, '2019-01-04', 0),
('b00004', 0, '2019-01-05', 0),
('b00004', 0, '2019-01-06', 0),
('b00004', 0, '2019-01-07', 0),
('b00004', 0, '2019-01-08', 0),
('b00004', 0, '2019-01-09', 0),
('b00004', 0, '2019-01-10', 0),
('b00004', 0, '2019-01-11', 0),
('b00004', 0, '2019-01-12', 0),
('b00004', 0, '2019-01-13', 0),
('b00004', 0, '2019-01-14', 0),
('b00004', 0, '2019-01-15', 0),
('b00004', 0, '2019-01-16', 0),
('b00004', 0, '2019-01-17', 0),
('b00004', 0, '2019-01-18', 0),
('b00004', 0, '2019-01-19', 0),
('b00004', 0, '2019-01-20', 0),
('b00004', 0, '2019-01-21', 0),
('b00004', 0, '2019-01-22', 0),
('b00004', 0, '2019-01-23', 0),
('b00004', 0, '2019-01-24', 0),
('b00004', 0, '2019-01-25', 0),
('b00004', 0, '2019-01-26', 0),
('b00004', 0, '2019-01-27', 0),
('b00004', 0, '2019-01-28', 0),
('b00004', 0, '2019-01-29', 0),
('b00004', 0, '2019-01-30', 0),
('b00004', 0, '2019-01-31', 0),
('b00005', 0, '2019-01-01', 0),
('b00005', 0, '2019-01-02', 0),
('b00005', 0, '2019-01-03', 0),
('b00005', 0, '2019-01-04', 0),
('b00005', 0, '2019-01-05', 0),
('b00005', 0, '2019-01-06', 0),
('b00005', 0, '2019-01-07', 0),
('b00005', 0, '2019-01-08', 0),
('b00005', 0, '2019-01-09', 0),
('b00005', 0, '2019-01-10', 0),
('b00005', 0, '2019-01-11', 0),
('b00005', 0, '2019-01-12', 0),
('b00005', 0, '2019-01-13', 0),
('b00005', 0, '2019-01-14', 0),
('b00005', 0, '2019-01-15', 0),
('b00005', 0, '2019-01-16', 0),
('b00005', 0, '2019-01-17', 0),
('b00005', 0, '2019-01-18', 0),
('b00005', 0, '2019-01-19', 0),
('b00005', 0, '2019-01-20', 0),
('b00005', 0, '2019-01-21', 0),
('b00005', 0, '2019-01-22', 0),
('b00005', 0, '2019-01-23', 0),
('b00005', 0, '2019-01-24', 0),
('b00005', 0, '2019-01-25', 0),
('b00005', 0, '2019-01-26', 0),
('b00005', 0, '2019-01-27', 0),
('b00005', 0, '2019-01-28', 0),
('b00005', 0, '2019-01-29', 0),
('b00005', 0, '2019-01-30', 0),
('b00005', 0, '2019-01-31', 0),
('b00006', 0, '2019-01-01', 0),
('b00006', 0, '2019-01-02', 0),
('b00006', 0, '2019-01-03', 0),
('b00006', 0, '2019-01-04', 0),
('b00006', 0, '2019-01-05', 0),
('b00006', 0, '2019-01-06', 0),
('b00006', 0, '2019-01-07', 0),
('b00006', 0, '2019-01-08', 0),
('b00006', 0, '2019-01-09', 0),
('b00006', 0, '2019-01-10', 0),
('b00006', 0, '2019-01-11', 0),
('b00006', 0, '2019-01-12', 0),
('b00006', 0, '2019-01-13', 0),
('b00006', 0, '2019-01-14', 0),
('b00006', 0, '2019-01-15', 0),
('b00006', 0, '2019-01-16', 0),
('b00006', 0, '2019-01-17', 0),
('b00006', 0, '2019-01-18', 0),
('b00006', 0, '2019-01-19', 0),
('b00006', 0, '2019-01-20', 0),
('b00006', 0, '2019-01-21', 0),
('b00006', 0, '2019-01-22', 0),
('b00006', 0, '2019-01-23', 0),
('b00006', 0, '2019-01-24', 0),
('b00006', 0, '2019-01-25', 0),
('b00006', 0, '2019-01-26', 0),
('b00006', 0, '2019-01-27', 0),
('b00006', 0, '2019-01-28', 0),
('b00006', 0, '2019-01-29', 0),
('b00006', 0, '2019-01-30', 0),
('b00006', 0, '2019-01-31', 0),
('b00007', 0, '2019-01-01', 0),
('b00007', 0, '2019-01-02', 0),
('b00007', 0, '2019-01-03', 0),
('b00007', 0, '2019-01-04', 0),
('b00007', 0, '2019-01-05', 0),
('b00007', 0, '2019-01-06', 0),
('b00007', 0, '2019-01-07', 0),
('b00007', 0, '2019-01-08', 0),
('b00007', 0, '2019-01-09', 0),
('b00007', 0, '2019-01-10', 0),
('b00007', 0, '2019-01-11', 0),
('b00007', 0, '2019-01-12', 0),
('b00007', 0, '2019-01-13', 0),
('b00007', 0, '2019-01-14', 0),
('b00007', 0, '2019-01-15', 0),
('b00007', 0, '2019-01-16', 0),
('b00007', 0, '2019-01-17', 0),
('b00007', 0, '2019-01-18', 0),
('b00007', 0, '2019-01-19', 0),
('b00007', 0, '2019-01-20', 0),
('b00007', 0, '2019-01-21', 0),
('b00007', 0, '2019-01-22', 0),
('b00007', 0, '2019-01-23', 0),
('b00007', 0, '2019-01-24', 0),
('b00007', 0, '2019-01-25', 0),
('b00007', 0, '2019-01-26', 0),
('b00007', 0, '2019-01-27', 0),
('b00007', 0, '2019-01-28', 0),
('b00007', 0, '2019-01-29', 0),
('b00007', 0, '2019-01-30', 0),
('b00007', 0, '2019-01-31', 0),
('b00008', 0, '2019-01-01', 0),
('b00008', 0, '2019-01-02', 0),
('b00008', 0, '2019-01-03', 0),
('b00008', 0, '2019-01-04', 0),
('b00008', 0, '2019-01-05', 0),
('b00008', 0, '2019-01-06', 0),
('b00008', 0, '2019-01-07', 0),
('b00008', 0, '2019-01-08', 0),
('b00008', 0, '2019-01-09', 0),
('b00008', 0, '2019-01-10', 0),
('b00008', 0, '2019-01-11', 0),
('b00008', 0, '2019-01-12', 0),
('b00008', 0, '2019-01-13', 0),
('b00008', 0, '2019-01-14', 0),
('b00008', 0, '2019-01-15', 0),
('b00008', 0, '2019-01-16', 0),
('b00008', 0, '2019-01-17', 0),
('b00008', 0, '2019-01-18', 0),
('b00008', 0, '2019-01-19', 0),
('b00008', 0, '2019-01-20', 0),
('b00008', 0, '2019-01-21', 0),
('b00008', 0, '2019-01-22', 0),
('b00008', 0, '2019-01-23', 0),
('b00008', 0, '2019-01-24', 0),
('b00008', 0, '2019-01-25', 0),
('b00008', 0, '2019-01-26', 0),
('b00008', 0, '2019-01-27', 0),
('b00008', 0, '2019-01-28', 0),
('b00008', 0, '2019-01-29', 0),
('b00008', 0, '2019-01-30', 0),
('b00008', 0, '2019-01-31', 0),
('b00009', 0, '2019-01-01', 0),
('b00009', 0, '2019-01-02', 0),
('b00009', 0, '2019-01-03', 0),
('b00009', 0, '2019-01-04', 0),
('b00009', 0, '2019-01-05', 0),
('b00009', 0, '2019-01-06', 0),
('b00009', 0, '2019-01-07', 0),
('b00009', 0, '2019-01-08', 0),
('b00009', 0, '2019-01-09', 0),
('b00009', 0, '2019-01-10', 0),
('b00009', 0, '2019-01-11', 0),
('b00009', 0, '2019-01-12', 0),
('b00009', 0, '2019-01-13', 0),
('b00009', 0, '2019-01-14', 0),
('b00009', 0, '2019-01-15', 0),
('b00009', 0, '2019-01-16', 0),
('b00009', 0, '2019-01-17', 0),
('b00009', 0, '2019-01-18', 0),
('b00009', 0, '2019-01-19', 0),
('b00009', 0, '2019-01-20', 0),
('b00009', 0, '2019-01-21', 0),
('b00009', 0, '2019-01-22', 0),
('b00009', 0, '2019-01-23', 0),
('b00009', 0, '2019-01-24', 0),
('b00009', 0, '2019-01-25', 0),
('b00009', 0, '2019-01-26', 0),
('b00009', 0, '2019-01-27', 0),
('b00009', 0, '2019-01-28', 0),
('b00009', 0, '2019-01-29', 0),
('b00009', 0, '2019-01-30', 0),
('b00009', 0, '2019-01-31', 0),
('b00010', 0, '2019-01-01', 0),
('b00010', 0, '2019-01-02', 0),
('b00010', 0, '2019-01-03', 0),
('b00010', 0, '2019-01-04', 0),
('b00010', 0, '2019-01-05', 0),
('b00010', 0, '2019-01-06', 0),
('b00010', 0, '2019-01-07', 0),
('b00010', 0, '2019-01-08', 0),
('b00010', 0, '2019-01-09', 0),
('b00010', 0, '2019-01-10', 0),
('b00010', 0, '2019-01-11', 0),
('b00010', 0, '2019-01-12', 0),
('b00010', 0, '2019-01-13', 0),
('b00010', 0, '2019-01-14', 0),
('b00010', 0, '2019-01-15', 0),
('b00010', 0, '2019-01-16', 0),
('b00010', 0, '2019-01-17', 0),
('b00010', 0, '2019-01-18', 0),
('b00010', 0, '2019-01-19', 0),
('b00010', 0, '2019-01-20', 0),
('b00010', 0, '2019-01-21', 0),
('b00010', 0, '2019-01-22', 0),
('b00010', 0, '2019-01-23', 0),
('b00010', 0, '2019-01-24', 0),
('b00010', 0, '2019-01-25', 0),
('b00010', 0, '2019-01-26', 0),
('b00010', 0, '2019-01-27', 0),
('b00010', 0, '2019-01-28', 0),
('b00010', 0, '2019-01-29', 0),
('b00010', 0, '2019-01-30', 0),
('b00010', 0, '2019-01-31', 0),
('b00011', 0, '2019-01-01', 0),
('b00011', 0, '2019-01-02', 0),
('b00011', 0, '2019-01-03', 0),
('b00011', 0, '2019-01-04', 0),
('b00011', 0, '2019-01-05', 0),
('b00011', 0, '2019-01-06', 0),
('b00011', 0, '2019-01-07', 0),
('b00011', 0, '2019-01-08', 0),
('b00011', 0, '2019-01-09', 0),
('b00011', 0, '2019-01-10', 0),
('b00011', 0, '2019-01-11', 0),
('b00011', 0, '2019-01-12', 0),
('b00011', 0, '2019-01-13', 0),
('b00011', 0, '2019-01-14', 0),
('b00011', 0, '2019-01-15', 0),
('b00011', 0, '2019-01-16', 0),
('b00011', 0, '2019-01-17', 0),
('b00011', 0, '2019-01-18', 0),
('b00011', 0, '2019-01-19', 0),
('b00011', 0, '2019-01-20', 0),
('b00011', 0, '2019-01-21', 0),
('b00011', 0, '2019-01-22', 0),
('b00011', 0, '2019-01-23', 0),
('b00011', 0, '2019-01-24', 0),
('b00011', 0, '2019-01-25', 0),
('b00011', 0, '2019-01-26', 0),
('b00011', 0, '2019-01-27', 0),
('b00011', 0, '2019-01-28', 0),
('b00011', 0, '2019-01-29', 0),
('b00011', 0, '2019-01-30', 0),
('b00011', 0, '2019-01-31', 0),
('b00001', 0, '2019-07-01', 0),
('b00001', 0, '2019-07-02', 0),
('b00001', 0, '2019-07-03', 0),
('b00001', 0, '2019-07-04', 0),
('b00001', 0, '2019-07-05', 0),
('b00001', 0, '2019-07-06', 0),
('b00001', 0, '2019-07-07', 0),
('b00001', 0, '2019-07-08', 0),
('b00001', 0, '2019-07-09', 0),
('b00001', 0, '2019-07-10', 0),
('b00001', 0, '2019-07-11', 0),
('b00001', 0, '2019-07-12', 0),
('b00001', 0, '2019-07-13', 0),
('b00001', 0, '2019-07-14', 0),
('b00001', 0, '2019-07-15', 0),
('b00001', 0, '2019-07-16', 0),
('b00001', 0, '2019-07-17', 0),
('b00001', 0, '2019-07-18', 0),
('b00001', 0, '2019-07-19', 0),
('b00001', 0, '2019-07-20', 0),
('b00001', 0, '2019-07-21', 0),
('b00001', 0, '2019-07-22', 0),
('b00001', 0, '2019-07-23', 0),
('b00001', 0, '2019-07-24', 0),
('b00001', 0, '2019-07-25', 0),
('b00001', 0, '2019-07-26', 0),
('b00001', 0, '2019-07-27', 0),
('b00001', 0, '2019-07-28', 0),
('b00001', 0, '2019-07-29', 0),
('b00001', 0, '2019-07-30', 0),
('b00001', 0, '2019-07-31', 0),
('b00002', 0, '2019-07-01', 0),
('b00002', 0, '2019-07-02', 0),
('b00002', 0, '2019-07-03', 0),
('b00002', 0, '2019-07-04', 0),
('b00002', 0, '2019-07-05', 0),
('b00002', 0, '2019-07-06', 0),
('b00002', 0, '2019-07-07', 0),
('b00002', 0, '2019-07-08', 0),
('b00002', 0, '2019-07-09', 0),
('b00002', 0, '2019-07-10', 0),
('b00002', 0, '2019-07-11', 0),
('b00002', 0, '2019-07-12', 0),
('b00002', 0, '2019-07-13', 0),
('b00002', 0, '2019-07-14', 0),
('b00002', 0, '2019-07-15', 0),
('b00002', 0, '2019-07-16', 0),
('b00002', 0, '2019-07-17', 0),
('b00002', 0, '2019-07-18', 0),
('b00002', 0, '2019-07-19', 0),
('b00002', 0, '2019-07-20', 0),
('b00002', 0, '2019-07-21', 0),
('b00002', 0, '2019-07-22', 0),
('b00002', 0, '2019-07-23', 0),
('b00002', 0, '2019-07-24', 0),
('b00002', 0, '2019-07-25', 0),
('b00002', 0, '2019-07-26', 0),
('b00002', 0, '2019-07-27', 0),
('b00002', 0, '2019-07-28', 0),
('b00002', 0, '2019-07-29', 0),
('b00002', 0, '2019-07-30', 0),
('b00002', 0, '2019-07-31', 0),
('b00003', 0, '2019-07-01', 0),
('b00003', 0, '2019-07-02', 0),
('b00003', 0, '2019-07-03', 0),
('b00003', 0, '2019-07-04', 0),
('b00003', 0, '2019-07-05', 0),
('b00003', 0, '2019-07-06', 0),
('b00003', 0, '2019-07-07', 0),
('b00003', 0, '2019-07-08', 0),
('b00003', 0, '2019-07-09', 0),
('b00003', 0, '2019-07-10', 0),
('b00003', 0, '2019-07-11', 0),
('b00003', 0, '2019-07-12', 0),
('b00003', 0, '2019-07-13', 0),
('b00003', 0, '2019-07-14', 0),
('b00003', 0, '2019-07-15', 0),
('b00003', 0, '2019-07-16', 0),
('b00003', 0, '2019-07-17', 0),
('b00003', 0, '2019-07-18', 0),
('b00003', 0, '2019-07-19', 0),
('b00003', 0, '2019-07-20', 0),
('b00003', 0, '2019-07-21', 0),
('b00003', 0, '2019-07-22', 0),
('b00003', 0, '2019-07-23', 0),
('b00003', 0, '2019-07-24', 0),
('b00003', 0, '2019-07-25', 0),
('b00003', 0, '2019-07-26', 0),
('b00003', 0, '2019-07-27', 0),
('b00003', 0, '2019-07-28', 0),
('b00003', 0, '2019-07-29', 0),
('b00003', 0, '2019-07-30', 0),
('b00003', 0, '2019-07-31', 0),
('b00004', 0, '2019-07-01', 0),
('b00004', 0, '2019-07-02', 0),
('b00004', 0, '2019-07-03', 0),
('b00004', 0, '2019-07-04', 0),
('b00004', 0, '2019-07-05', 0),
('b00004', 0, '2019-07-06', 0),
('b00004', 0, '2019-07-07', 0),
('b00004', 0, '2019-07-08', 0),
('b00004', 0, '2019-07-09', 0),
('b00004', 0, '2019-07-10', 0),
('b00004', 0, '2019-07-11', 0),
('b00004', 0, '2019-07-12', 0),
('b00004', 0, '2019-07-13', 0),
('b00004', 0, '2019-07-14', 0),
('b00004', 0, '2019-07-15', 0),
('b00004', 0, '2019-07-16', 0),
('b00004', 0, '2019-07-17', 0),
('b00004', 0, '2019-07-18', 0),
('b00004', 0, '2019-07-19', 0),
('b00004', 0, '2019-07-20', 0),
('b00004', 0, '2019-07-21', 0),
('b00004', 0, '2019-07-22', 0),
('b00004', 0, '2019-07-23', 0),
('b00004', 0, '2019-07-24', 0),
('b00004', 0, '2019-07-25', 0),
('b00004', 0, '2019-07-26', 0),
('b00004', 0, '2019-07-27', 0),
('b00004', 0, '2019-07-28', 0),
('b00004', 0, '2019-07-29', 0),
('b00004', 0, '2019-07-30', 0),
('b00004', 0, '2019-07-31', 0),
('b00005', 0, '2019-07-01', 0),
('b00005', 0, '2019-07-02', 0),
('b00005', 0, '2019-07-03', 0),
('b00005', 0, '2019-07-04', 0),
('b00005', 0, '2019-07-05', 0),
('b00005', 0, '2019-07-06', 0),
('b00005', 0, '2019-07-07', 0),
('b00005', 0, '2019-07-08', 0),
('b00005', 0, '2019-07-09', 0),
('b00005', 0, '2019-07-10', 0),
('b00005', 0, '2019-07-11', 0),
('b00005', 0, '2019-07-12', 0),
('b00005', 0, '2019-07-13', 0),
('b00005', 0, '2019-07-14', 0),
('b00005', 0, '2019-07-15', 0),
('b00005', 0, '2019-07-16', 0),
('b00005', 0, '2019-07-17', 0),
('b00005', 0, '2019-07-18', 0),
('b00005', 0, '2019-07-19', 0),
('b00005', 0, '2019-07-20', 0),
('b00005', 0, '2019-07-21', 0),
('b00005', 0, '2019-07-22', 0),
('b00005', 0, '2019-07-23', 0),
('b00005', 0, '2019-07-24', 0),
('b00005', 0, '2019-07-25', 0),
('b00005', 0, '2019-07-26', 0),
('b00005', 0, '2019-07-27', 0),
('b00005', 0, '2019-07-28', 0),
('b00005', 0, '2019-07-29', 0),
('b00005', 0, '2019-07-30', 0),
('b00005', 0, '2019-07-31', 0),
('b00006', 0, '2019-07-01', 0),
('b00006', 0, '2019-07-02', 0),
('b00006', 0, '2019-07-03', 0),
('b00006', 0, '2019-07-04', 0),
('b00006', 0, '2019-07-05', 0),
('b00006', 0, '2019-07-06', 0),
('b00006', 0, '2019-07-07', 0),
('b00006', 0, '2019-07-08', 0),
('b00006', 0, '2019-07-09', 0),
('b00006', 0, '2019-07-10', 0),
('b00006', 0, '2019-07-11', 0),
('b00006', 0, '2019-07-12', 0),
('b00006', 0, '2019-07-13', 0),
('b00006', 0, '2019-07-14', 0),
('b00006', 0, '2019-07-15', 0),
('b00006', 0, '2019-07-16', 0),
('b00006', 0, '2019-07-17', 0),
('b00006', 0, '2019-07-18', 0),
('b00006', 0, '2019-07-19', 0),
('b00006', 0, '2019-07-20', 0),
('b00006', 0, '2019-07-21', 0),
('b00006', 0, '2019-07-22', 0),
('b00006', 0, '2019-07-23', 0),
('b00006', 0, '2019-07-24', 0),
('b00006', 0, '2019-07-25', 0),
('b00006', 0, '2019-07-26', 0),
('b00006', 0, '2019-07-27', 0),
('b00006', 0, '2019-07-28', 0),
('b00006', 0, '2019-07-29', 0),
('b00006', 0, '2019-07-30', 0),
('b00006', 0, '2019-07-31', 0),
('b00007', 0, '2019-07-01', 0),
('b00007', 0, '2019-07-02', 0),
('b00007', 0, '2019-07-03', 0),
('b00007', 0, '2019-07-04', 0),
('b00007', 0, '2019-07-05', 0),
('b00007', 0, '2019-07-06', 0),
('b00007', 0, '2019-07-07', 0),
('b00007', 0, '2019-07-08', 0),
('b00007', 0, '2019-07-09', 0),
('b00007', 0, '2019-07-10', 0),
('b00007', 0, '2019-07-11', 0),
('b00007', 0, '2019-07-12', 0),
('b00007', 0, '2019-07-13', 0),
('b00007', 0, '2019-07-14', 0),
('b00007', 0, '2019-07-15', 0),
('b00007', 0, '2019-07-16', 0),
('b00007', 0, '2019-07-17', 0),
('b00007', 0, '2019-07-18', 0),
('b00007', 0, '2019-07-19', 0),
('b00007', 0, '2019-07-20', 0),
('b00007', 0, '2019-07-21', 0),
('b00007', 0, '2019-07-22', 0),
('b00007', 0, '2019-07-23', 0),
('b00007', 0, '2019-07-24', 0),
('b00007', 0, '2019-07-25', 0),
('b00007', 0, '2019-07-26', 0),
('b00007', 0, '2019-07-27', 0),
('b00007', 0, '2019-07-28', 0),
('b00007', 0, '2019-07-29', 0),
('b00007', 0, '2019-07-30', 0),
('b00007', 0, '2019-07-31', 0),
('b00008', 0, '2019-07-01', 0),
('b00008', 0, '2019-07-02', 0),
('b00008', 0, '2019-07-03', 0),
('b00008', 0, '2019-07-04', 0),
('b00008', 0, '2019-07-05', 0),
('b00008', 0, '2019-07-06', 0),
('b00008', 0, '2019-07-07', 0),
('b00008', 0, '2019-07-08', 0),
('b00008', 0, '2019-07-09', 0),
('b00008', 0, '2019-07-10', 0),
('b00008', 0, '2019-07-11', 0),
('b00008', 0, '2019-07-12', 0),
('b00008', 0, '2019-07-13', 0),
('b00008', 0, '2019-07-14', 0),
('b00008', 0, '2019-07-15', 0),
('b00008', 0, '2019-07-16', 0),
('b00008', 0, '2019-07-17', 0),
('b00008', 0, '2019-07-18', 0),
('b00008', 0, '2019-07-19', 0),
('b00008', 0, '2019-07-20', 0),
('b00008', 0, '2019-07-21', 0),
('b00008', 0, '2019-07-22', 0),
('b00008', 0, '2019-07-23', 0),
('b00008', 0, '2019-07-24', 0),
('b00008', 0, '2019-07-25', 0),
('b00008', 0, '2019-07-26', 0),
('b00008', 0, '2019-07-27', 0),
('b00008', 0, '2019-07-28', 0),
('b00008', 0, '2019-07-29', 0),
('b00008', 0, '2019-07-30', 0),
('b00008', 0, '2019-07-31', 0),
('b00009', 0, '2019-07-01', 0),
('b00009', 5, '2019-07-02', 0),
('b00009', 0, '2019-07-03', 0),
('b00009', 0, '2019-07-04', 0),
('b00009', 0, '2019-07-05', 0),
('b00009', 0, '2019-07-06', 0),
('b00009', 0, '2019-07-07', 0),
('b00009', 0, '2019-07-08', 0),
('b00009', 0, '2019-07-09', 0),
('b00009', 0, '2019-07-10', 0),
('b00009', 0, '2019-07-11', 0),
('b00009', 0, '2019-07-12', 0),
('b00009', 0, '2019-07-13', 0),
('b00009', 0, '2019-07-14', 0),
('b00009', 0, '2019-07-15', 0),
('b00009', 0, '2019-07-16', 0),
('b00009', 0, '2019-07-17', 0),
('b00009', 0, '2019-07-18', 0),
('b00009', 0, '2019-07-19', 0),
('b00009', 0, '2019-07-20', 0),
('b00009', 0, '2019-07-21', 0),
('b00009', 0, '2019-07-22', 0),
('b00009', 0, '2019-07-23', 0),
('b00009', 0, '2019-07-24', 0),
('b00009', 0, '2019-07-25', 0),
('b00009', 0, '2019-07-26', 0),
('b00009', 0, '2019-07-27', 0),
('b00009', 0, '2019-07-28', 0),
('b00009', 0, '2019-07-29', 0),
('b00009', 0, '2019-07-30', 0),
('b00009', 0, '2019-07-31', 0),
('b00010', 0, '2019-07-01', 0),
('b00010', 0, '2019-07-02', 0),
('b00010', 0, '2019-07-03', 0),
('b00010', 0, '2019-07-04', 0),
('b00010', 0, '2019-07-05', 0),
('b00010', 0, '2019-07-06', 0),
('b00010', 0, '2019-07-07', 0),
('b00010', 0, '2019-07-08', 0),
('b00010', 0, '2019-07-09', 0),
('b00010', 0, '2019-07-10', 0),
('b00010', 0, '2019-07-11', 0),
('b00010', 0, '2019-07-12', 0),
('b00010', 0, '2019-07-13', 0),
('b00010', 0, '2019-07-14', 0),
('b00010', 0, '2019-07-15', 0),
('b00010', 0, '2019-07-16', 0),
('b00010', 0, '2019-07-17', 0),
('b00010', 0, '2019-07-18', 0),
('b00010', 0, '2019-07-19', 0),
('b00010', 0, '2019-07-20', 0),
('b00010', 0, '2019-07-21', 0),
('b00010', 0, '2019-07-22', 0),
('b00010', 0, '2019-07-23', 0),
('b00010', 0, '2019-07-24', 0),
('b00010', 0, '2019-07-25', 0),
('b00010', 0, '2019-07-26', 0),
('b00010', 0, '2019-07-27', 0),
('b00010', 0, '2019-07-28', 0),
('b00010', 0, '2019-07-29', 0),
('b00010', 0, '2019-07-30', 0),
('b00010', 0, '2019-07-31', 0),
('b00011', 0, '2019-07-01', 0),
('b00011', 0, '2019-07-02', 0),
('b00011', 0, '2019-07-03', 0),
('b00011', 0, '2019-07-04', 0),
('b00011', 0, '2019-07-05', 0),
('b00011', 0, '2019-07-06', 0),
('b00011', 0, '2019-07-07', 0),
('b00011', 0, '2019-07-08', 0),
('b00011', 0, '2019-07-09', 0),
('b00011', 0, '2019-07-10', 0),
('b00011', 0, '2019-07-11', 0),
('b00011', 0, '2019-07-12', 0),
('b00011', 0, '2019-07-13', 0),
('b00011', 0, '2019-07-14', 0),
('b00011', 0, '2019-07-15', 0),
('b00011', 0, '2019-07-16', 0),
('b00011', 0, '2019-07-17', 0),
('b00011', 0, '2019-07-18', 0),
('b00011', 0, '2019-07-19', 0),
('b00011', 0, '2019-07-20', 0),
('b00011', 0, '2019-07-21', 0),
('b00011', 0, '2019-07-22', 0),
('b00011', 0, '2019-07-23', 0),
('b00011', 0, '2019-07-24', 0),
('b00011', 0, '2019-07-25', 0),
('b00011', 0, '2019-07-26', 0),
('b00011', 0, '2019-07-27', 0),
('b00011', 0, '2019-07-28', 0),
('b00011', 0, '2019-07-29', 0),
('b00011', 0, '2019-07-30', 0),
('b00011', 0, '2019-07-31', 0);

-- --------------------------------------------------------

--
-- Table structure for table `t_invenperlengkapan`
--

CREATE TABLE `t_invenperlengkapan` (
  `id_perlengkapan` char(6) NOT NULL,
  `stok_in` int(11) DEFAULT NULL,
  `stok_out` int(11) DEFAULT NULL,
  `tgl_perubahan` date DEFAULT NULL
) ENGINE=InnoDB DEFAULT CHARSET=latin1;

--
-- Dumping data for table `t_invenperlengkapan`
--

INSERT INTO `t_invenperlengkapan` (`id_perlengkapan`, `stok_in`, `stok_out`, `tgl_perubahan`) VALUES
('p00001', 30, 30, '2019-05-01'),
('p00001', 0, 0, '2019-05-02'),
('p00001', 0, 0, '2019-05-03'),
('p00001', 0, 0, '2019-05-04'),
('p00001', 0, 0, '2019-05-05'),
('p00001', 0, 0, '2019-05-06'),
('p00001', 0, 0, '2019-05-07'),
('p00001', 0, 0, '2019-05-08'),
('p00001', 0, 0, '2019-05-09'),
('p00001', 0, 0, '2019-05-10'),
('p00001', 0, 0, '2019-05-11'),
('p00001', 0, 0, '2019-05-12'),
('p00001', 0, 0, '2019-05-13'),
('p00001', 0, 0, '2019-05-14'),
('p00001', 0, 0, '2019-05-15'),
('p00001', 0, 0, '2019-05-16'),
('p00001', 0, 0, '2019-05-17'),
('p00001', 0, 0, '2019-05-18'),
('p00001', 0, 0, '2019-05-19'),
('p00001', 0, 0, '2019-05-20'),
('p00001', 0, 0, '2019-05-21'),
('p00001', 0, 0, '2019-05-22'),
('p00001', 0, 0, '2019-05-23'),
('p00001', 0, 0, '2019-05-24'),
('p00001', 0, 0, '2019-05-25'),
('p00001', 0, 0, '2019-05-26'),
('p00001', 0, 0, '2019-05-27'),
('p00001', 0, 0, '2019-05-28'),
('p00001', 0, 0, '2019-05-29'),
('p00001', 0, 0, '2019-05-30'),
('p00001', 0, 0, '2019-05-31'),
('p00001', 30, 30, '2019-06-01'),
('p00001', 0, 0, '2019-06-02'),
('p00001', 0, 0, '2019-06-03'),
('p00001', 0, 0, '2019-06-04'),
('p00001', 0, 0, '2019-06-05'),
('p00001', 0, 0, '2019-06-06'),
('p00001', 0, 0, '2019-06-07'),
('p00001', 0, 0, '2019-06-08'),
('p00001', 0, 0, '2019-06-09'),
('p00001', 0, 0, '2019-06-10'),
('p00001', 0, 0, '2019-06-11'),
('p00001', 0, 0, '2019-06-12'),
('p00001', 0, 0, '2019-06-13'),
('p00001', 0, 0, '2019-06-14'),
('p00001', 0, 0, '2019-06-15'),
('p00001', 0, 0, '2019-06-16'),
('p00001', 0, 0, '2019-06-17'),
('p00001', 0, 0, '2019-06-18'),
('p00001', 0, 0, '2019-06-19'),
('p00001', 0, 0, '2019-06-20'),
('p00001', 0, 0, '2019-06-21'),
('p00001', 0, 0, '2019-06-22'),
('p00001', 0, 0, '2019-06-23'),
('p00001', 0, 0, '2019-06-24'),
('p00001', 0, 0, '2019-06-25'),
('p00001', 0, 0, '2019-06-26'),
('p00001', 0, 0, '2019-06-27'),
('p00001', 0, 0, '2019-06-28'),
('p00001', 0, 0, '2019-06-29'),
('p00001', 0, 0, '2019-06-30'),
('p00002', 0, 0, '2019-06-01'),
('p00002', 0, 0, '2019-06-02'),
('p00002', 0, 0, '2019-06-03'),
('p00002', 0, 0, '2019-06-04'),
('p00002', 0, 0, '2019-06-05'),
('p00002', 0, 0, '2019-06-06'),
('p00002', 0, 0, '2019-06-07'),
('p00002', 0, 0, '2019-06-08'),
('p00002', 0, 0, '2019-06-09'),
('p00002', 0, 0, '2019-06-10'),
('p00002', 0, 0, '2019-06-11'),
('p00002', 0, 0, '2019-06-12'),
('p00002', 0, 0, '2019-06-13'),
('p00002', 0, 0, '2019-06-14'),
('p00002', 0, 0, '2019-06-15'),
('p00002', 0, 0, '2019-06-16'),
('p00002', 0, 0, '2019-06-17'),
('p00002', 0, 0, '2019-06-18'),
('p00002', 0, 0, '2019-06-19'),
('p00002', 0, 0, '2019-06-20'),
('p00002', 0, 0, '2019-06-21'),
('p00002', 0, 0, '2019-06-22'),
('p00002', 0, 0, '2019-06-23'),
('p00002', 0, 0, '2019-06-24'),
('p00002', 0, 0, '2019-06-25'),
('p00002', 0, 0, '2019-06-26'),
('p00002', 0, 0, '2019-06-27'),
('p00002', 0, 0, '2019-06-28'),
('p00002', 0, 0, '2019-06-29'),
('p00002', 0, 0, '2019-06-30'),
('p00002', 30, 30, '2019-05-01'),
('p00002', 0, 0, '2019-05-02'),
('p00002', 0, 0, '2019-05-03'),
('p00002', 0, 0, '2019-05-04'),
('p00002', 0, 0, '2019-05-05'),
('p00002', 0, 0, '2019-05-06'),
('p00002', 0, 0, '2019-05-07'),
('p00002', 0, 0, '2019-05-08'),
('p00002', 0, 0, '2019-05-09'),
('p00002', 0, 0, '2019-05-10'),
('p00002', 0, 0, '2019-05-11'),
('p00002', 0, 0, '2019-05-12'),
('p00002', 0, 0, '2019-05-13'),
('p00002', 0, 0, '2019-05-14'),
('p00002', 0, 0, '2019-05-15'),
('p00002', 0, 0, '2019-05-16'),
('p00002', 0, 0, '2019-05-17'),
('p00002', 0, 0, '2019-05-18'),
('p00002', 0, 0, '2019-05-19'),
('p00002', 0, 0, '2019-05-20'),
('p00002', 0, 0, '2019-05-21'),
('p00002', 0, 0, '2019-05-22'),
('p00002', 0, 0, '2019-05-23'),
('p00002', 0, 0, '2019-05-24'),
('p00002', 0, 0, '2019-05-25'),
('p00002', 0, 0, '2019-05-26'),
('p00002', 0, 0, '2019-05-27'),
('p00002', 0, 0, '2019-05-28'),
('p00002', 0, 0, '2019-05-29'),
('p00002', 0, 0, '2019-05-30'),
('p00002', 0, 0, '2019-05-31'),
('p00001', 20, 20, '2018-12-01'),
('p00003', 0, 0, '2019-06-01'),
('p00003', 0, 0, '2019-06-02'),
('p00003', 0, 0, '2019-06-03'),
('p00003', 0, 0, '2019-06-04'),
('p00003', 0, 0, '2019-06-05'),
('p00003', 0, 0, '2019-06-06'),
('p00003', 0, 0, '2019-06-07'),
('p00003', 0, 0, '2019-06-08'),
('p00003', 0, 0, '2019-06-09'),
('p00003', 0, 0, '2019-06-10'),
('p00003', 0, 0, '2019-06-11'),
('p00003', 0, 0, '2019-06-12'),
('p00003', 0, 0, '2019-06-13'),
('p00003', 0, 0, '2019-06-14'),
('p00003', 0, 0, '2019-06-15'),
('p00003', 0, 0, '2019-06-16'),
('p00003', 0, 0, '2019-06-17'),
('p00003', 0, 0, '2019-06-18'),
('p00003', 0, 0, '2019-06-19'),
('p00003', 0, 0, '2019-06-20'),
('p00003', 0, 0, '2019-06-21'),
('p00003', 0, 0, '2019-06-22'),
('p00003', 0, 0, '2019-06-23'),
('p00003', 0, 0, '2019-06-24'),
('p00003', 0, 0, '2019-06-25'),
('p00003', 0, 0, '2019-06-26'),
('p00003', 0, 0, '2019-06-27'),
('p00003', 0, 0, '2019-06-28'),
('p00003', 0, 0, '2019-06-29'),
('p00003', 0, 0, '2019-06-30'),
('p00004', 0, 0, '2019-06-01'),
('p00004', 0, 0, '2019-06-02'),
('p00004', 0, 0, '2019-06-03'),
('p00004', 0, 0, '2019-06-04'),
('p00004', 0, 0, '2019-06-05'),
('p00004', 0, 0, '2019-06-06'),
('p00004', 0, 0, '2019-06-07'),
('p00004', 0, 0, '2019-06-08'),
('p00004', 0, 0, '2019-06-09'),
('p00004', 0, 0, '2019-06-10'),
('p00004', 0, 0, '2019-06-11'),
('p00004', 0, 0, '2019-06-12'),
('p00004', 0, 0, '2019-06-13'),
('p00004', 0, 0, '2019-06-14'),
('p00004', 0, 0, '2019-06-15'),
('p00004', 0, 0, '2019-06-16'),
('p00004', 0, 0, '2019-06-17'),
('p00004', 0, 0, '2019-06-18'),
('p00004', 0, 0, '2019-06-19'),
('p00004', 0, 0, '2019-06-20'),
('p00004', 0, 0, '2019-06-21'),
('p00004', 0, 0, '2019-06-22'),
('p00004', 0, 0, '2019-06-23'),
('p00004', 0, 0, '2019-06-24'),
('p00004', 0, 0, '2019-06-25'),
('p00004', 0, 0, '2019-06-26'),
('p00004', 0, 0, '2019-06-27'),
('p00004', 0, 0, '2019-06-28'),
('p00004', 0, 0, '2019-06-29'),
('p00004', 0, 0, '2019-06-30');

-- --------------------------------------------------------

--
-- Table structure for table `t_kelompokbiayadapur`
--

CREATE TABLE `t_kelompokbiayadapur` (
  `id_biaya` char(3) NOT NULL,
  `id_kelompok` char(3) NOT NULL
) ENGINE=InnoDB DEFAULT CHARSET=latin1;

--
-- Dumping data for table `t_kelompokbiayadapur`
--

INSERT INTO `t_kelompokbiayadapur` (`id_biaya`, `id_kelompok`) VALUES
('T01', '001'),
('P01', '002'),
('P02', '002'),
('T02', '001');

-- --------------------------------------------------------

--
-- Table structure for table `t_pemasokbahan`
--

CREATE TABLE `t_pemasokbahan` (
  `id_bahan` char(6) NOT NULL,
  `harga` int(11) DEFAULT NULL,
  `tgl_harga` date DEFAULT NULL,
  `id_pemasok` char(3) DEFAULT NULL
) ENGINE=InnoDB DEFAULT CHARSET=latin1;

--
-- Dumping data for table `t_pemasokbahan`
--

INSERT INTO `t_pemasokbahan` (`id_bahan`, `harga`, `tgl_harga`, `id_pemasok`) VALUES
('b00001', 30000, '2019-06-13', 'b01'),
('b00002', 30000, '2019-06-13', 'b01'),
('b00003', 30000, '2019-06-13', 'b01'),
('b00004', 30000, '2019-06-13', 'b02'),
('b00005', 30000, '2019-06-21', 'b03'),
('b00006', 30000, '2019-06-21', 'b03'),
('b00007', 30000, '2019-06-21', 'b04'),
('b00001', 30500, '2019-06-13', 'b02'),
('b00001', 31000, '2019-06-13', 'b04'),
('b00008', 27000, '2019-06-25', 'b01'),
('b00009', 20000, '2019-07-02', 'b03'),
('b00010', 5000, '2019-07-02', 'b05');

-- --------------------------------------------------------

--
-- Table structure for table `t_pemasokperlengkapan`
--

CREATE TABLE `t_pemasokperlengkapan` (
  `id_perlengkapan` char(6) NOT NULL,
  `harga` int(11) DEFAULT NULL,
  `tgl_harga` date DEFAULT NULL,
  `id_pemasok` char(3) DEFAULT NULL
) ENGINE=InnoDB DEFAULT CHARSET=latin1;

--
-- Dumping data for table `t_pemasokperlengkapan`
--

INSERT INTO `t_pemasokperlengkapan` (`id_perlengkapan`, `harga`, `tgl_harga`, `id_pemasok`) VALUES
('p00001', 20000, '2019-06-19', 'p01'),
('p00002', 5000, '2019-06-19', 'p01'),
('p00003', 10000, '2019-06-26', 'p02'),
('p00004', 10000, '2019-06-26', 'p02');

-- --------------------------------------------------------

--
-- Table structure for table `t_pembelianbahan`
--

CREATE TABLE `t_pembelianbahan` (
  `id_pembelian` char(10) NOT NULL,
  `id_metodebayar` char(1) NOT NULL,
  `id_statusbayar` char(1) NOT NULL,
  `total_harga` int(11) DEFAULT NULL,
  `tgl_pesan` date DEFAULT NULL,
  `id_statuspesanan` char(1) NOT NULL,
  `tgl_datang` date DEFAULT NULL,
  `id_staff` char(3) NOT NULL,
  `id_pemasok` char(3) DEFAULT NULL
) ENGINE=InnoDB DEFAULT CHARSET=latin1;

--
-- Dumping data for table `t_pembelianbahan`
--

INSERT INTO `t_pembelianbahan` (`id_pembelian`, `id_metodebayar`, `id_statusbayar`, `total_harga`, `tgl_pesan`, `id_statuspesanan`, `tgl_datang`, `id_staff`, `id_pemasok`) VALUES
('b000020619', '0', '1', 200000, '2019-06-02', '1', '2019-06-02', '001', 'b00'),
('b010130419', '0', '0', 900000, '2019-04-13', '1', '2019-04-13', '001', 'b01'),
('b010130519', '0', '0', 750000, '2019-05-13', '0', '2019-05-13', '001', 'b01'),
('b010130619', '0', '0', 900000, '2019-06-13', '0', '2019-06-13', '001', 'b01'),
('b020130419', '0', '0', 1515000, '2019-04-13', '0', '2019-04-13', '001', 'b02'),
('b020130519', '0', '0', 1515000, '2019-05-13', '0', '2019-05-13', '001', 'b02'),
('b020130619', '0', '0', 1515000, '2019-06-13', '0', '2019-06-13', '001', 'b02'),
('b020150519', '0', '0', 812500, '2019-05-15', '1', '2019-05-15', '001', 'b02'),
('b030020719', '0', '0', 100000, '2019-07-02', '1', '2019-07-02', '001', 'b03'),
('b030150519', '0', '0', 822500, '2019-05-15', '1', '2019-05-15', '001', 'b03'),
('b030210619', '0', '1', 300000, '2019-06-21', '1', '2019-06-21', '001', 'b03'),
('b040130419', '0', '1', 930000, '2019-04-13', '1', '2019-04-13', '001', 'b04'),
('b040130519', '0', '0', 930000, '2019-05-13', '0', '2019-05-13', '001', 'b04'),
('b040130619', '0', '0', 930000, '2019-06-13', '0', '2019-06-13', '001', 'b04'),
('b040210619', '0', '0', 150000, '2019-06-21', '0', '2019-06-21', '001', 'b04'),
('b050020719', '0', '0', 50000, '2019-07-02', '0', '2019-07-02', '001', 'b05');

-- --------------------------------------------------------

--
-- Table structure for table `t_pembelianperlengkapan`
--

CREATE TABLE `t_pembelianperlengkapan` (
  `id_pembelian` char(10) NOT NULL,
  `id_metodebayar` char(1) NOT NULL,
  `id_statusbayar` char(1) NOT NULL,
  `total_harga` int(11) DEFAULT NULL,
  `tgl_pesan` date DEFAULT NULL,
  `id_statuspesanan` char(1) NOT NULL,
  `tgl_datang` date DEFAULT NULL,
  `id_staff` char(3) NOT NULL,
  `id_pemasok` char(3) DEFAULT NULL
) ENGINE=InnoDB DEFAULT CHARSET=latin1;

--
-- Dumping data for table `t_pembelianperlengkapan`
--

INSERT INTO `t_pembelianperlengkapan` (`id_pembelian`, `id_metodebayar`, `id_statusbayar`, `total_harga`, `tgl_pesan`, `id_statuspesanan`, `tgl_datang`, `id_staff`, `id_pemasok`) VALUES
('p010190619', '0', '0', 700000, '2019-06-19', '0', '2019-06-19', '001', 'p01'),
('p020210619', '0', '1', 110000, '2019-06-21', '0', '2019-06-21', '001', 'p02');

-- --------------------------------------------------------

--
-- Table structure for table `t_pemesanan`
--

CREATE TABLE `t_pemesanan` (
  `id_pemesanan` char(10) NOT NULL,
  `id_paket` char(3) NOT NULL,
  `total_harga` int(11) DEFAULT NULL,
  `tgl_acara` date DEFAULT NULL,
  `jumlah_paket` int(11) DEFAULT NULL,
  `id_pelanggan` char(3) NOT NULL
) ENGINE=InnoDB DEFAULT CHARSET=latin1;

--
-- Dumping data for table `t_pemesanan`
--

INSERT INTO `t_pemesanan` (`id_pemesanan`, `id_paket`, `total_harga`, `tgl_acara`, `jumlah_paket`, `id_pelanggan`) VALUES
('0012345634', '002', 3000000, '2019-06-11', 100, '002'),
('0012345674', '002', 3000000, '2019-06-04', 100, '001'),
('0123456789', '001', 3000000, '2019-06-11', 100, '001');

-- --------------------------------------------------------

--
-- Table structure for table `t_pengeluarandapur`
--

CREATE TABLE `t_pengeluarandapur` (
  `id_biaya` char(3) DEFAULT NULL,
  `tgl_pengeluaran` date DEFAULT NULL,
  `volume` int(11) DEFAULT NULL,
  `harga` int(11) DEFAULT NULL,
  `total_biaya` int(11) DEFAULT NULL,
  `id_pengeluaran` char(10) NOT NULL,
  `id_staff` char(3) NOT NULL
) ENGINE=InnoDB DEFAULT CHARSET=latin1;

--
-- Dumping data for table `t_pengeluarandapur`
--

INSERT INTO `t_pengeluarandapur` (`id_biaya`, `tgl_pengeluaran`, `volume`, `harga`, `total_biaya`, `id_pengeluaran`, `id_staff`) VALUES
('T01', '2019-05-30', 1, 50000, 50000, '190530001', '001'),
('P01', '2019-06-21', 1000, 1500, 1500000, '190621P01', '001'),
('P02', '2019-06-21', 1, 5000000, 5000000, '190621P02', '001'),
('T01', '2019-06-23', 1, 21000, 21000, '190623T01', '001'),
('P02', '2019-05-24', 1, 1000000, 1000000, '190624P02', '001'),
('T01', '2019-06-25', 1, 20000, 20000, '190625T01', '001');

-- --------------------------------------------------------

--
-- Table structure for table `t_satuanbahan`
--

CREATE TABLE `t_satuanbahan` (
  `id_bahan` char(6) NOT NULL,
  `id_satuan` char(3) NOT NULL
) ENGINE=InnoDB DEFAULT CHARSET=latin1;

--
-- Dumping data for table `t_satuanbahan`
--

INSERT INTO `t_satuanbahan` (`id_bahan`, `id_satuan`) VALUES
('b00001', 'b01'),
('b00002', 'b01'),
('b00004', 'b01'),
('b00005', 'b02'),
('b00006', 'b02'),
('b00007', 'b02'),
('b00008', 'b02'),
('b00009', 'b02'),
('b00003', 'b03'),
('b00010', 'b05'),
('b00011', 'b05');

-- --------------------------------------------------------

--
-- Table structure for table `t_satuandapur`
--

CREATE TABLE `t_satuandapur` (
  `id_biaya` char(3) NOT NULL,
  `id_satuan` char(3) NOT NULL
) ENGINE=InnoDB DEFAULT CHARSET=latin1;

--
-- Dumping data for table `t_satuandapur`
--

INSERT INTO `t_satuandapur` (`id_biaya`, `id_satuan`) VALUES
('T01', 'd01'),
('P01', 'd02'),
('P02', 'd03'),
('T02', 'd01');

-- --------------------------------------------------------

--
-- Table structure for table `t_satuanperlengkapan`
--

CREATE TABLE `t_satuanperlengkapan` (
  `id_perlengkapan` char(6) NOT NULL,
  `id_satuan` char(3) NOT NULL
) ENGINE=InnoDB DEFAULT CHARSET=latin1;

--
-- Dumping data for table `t_satuanperlengkapan`
--

INSERT INTO `t_satuanperlengkapan` (`id_perlengkapan`, `id_satuan`) VALUES
('p00002', 'p01'),
('p00003', 'p01'),
('p00001', 'p01'),
('p00004', 'p01');

-- --------------------------------------------------------

--
-- Table structure for table `t_stokbahan`
--

CREATE TABLE `t_stokbahan` (
  `id_bahan` char(6) NOT NULL,
  `jumlah_stok` int(11) DEFAULT NULL,
  `tgl_perubahan` date DEFAULT NULL,
  `minim` int(11) DEFAULT NULL
) ENGINE=InnoDB DEFAULT CHARSET=latin1;

--
-- Dumping data for table `t_stokbahan`
--

INSERT INTO `t_stokbahan` (`id_bahan`, `jumlah_stok`, `tgl_perubahan`, `minim`) VALUES
('b00001', 80, '2019-07-02', 30),
('b00002', 25, '2019-05-15', 25),
('b00003', 35, '2019-06-16', 35),
('b00004', 30, '2019-06-16', 20),
('b00005', 5, '2019-06-21', 5),
('b00006', 5, '2019-06-21', 5),
('b00007', 10, '2019-07-02', 5),
('b00008', 10, '2019-07-02', 10),
('b00009', 5, '2019-07-02', 5),
('b00010', 0, '2019-06-26', 10),
('b00011', 0, '2019-07-02', 10);

-- --------------------------------------------------------

--
-- Table structure for table `t_stokperlengkapan`
--

CREATE TABLE `t_stokperlengkapan` (
  `id_perlengkapan` char(6) NOT NULL,
  `jumlah_stok` int(11) DEFAULT NULL,
  `tgl_perubahan` date DEFAULT NULL,
  `minim` int(11) DEFAULT NULL
) ENGINE=InnoDB DEFAULT CHARSET=latin1;

--
-- Dumping data for table `t_stokperlengkapan`
--

INSERT INTO `t_stokperlengkapan` (`id_perlengkapan`, `jumlah_stok`, `tgl_perubahan`, `minim`) VALUES
('p00001', 0, '2019-06-24', 10),
('p00002', 0, '2019-06-19', 20),
('p00003', 0, '2019-06-21', 10),
('p00004', 0, '2019-06-24', 10);

--
-- Indexes for dumped tables
--

--
-- Indexes for table `m_bahan`
--
ALTER TABLE `m_bahan`
  ADD PRIMARY KEY (`id_bahan`);

--
-- Indexes for table `m_daftarsatuanbahan`
--
ALTER TABLE `m_daftarsatuanbahan`
  ADD KEY `fk_idbahan3` (`id_satuan`);

--
-- Indexes for table `m_daftarsatuanperlengkapan`
--
ALTER TABLE `m_daftarsatuanperlengkapan`
  ADD KEY `fk_idperlengkapan1` (`id_satuan`);

--
-- Indexes for table `m_dapur`
--
ALTER TABLE `m_dapur`
  ADD PRIMARY KEY (`id_biaya`);

--
-- Indexes for table `m_kelompokbiaya`
--
ALTER TABLE `m_kelompokbiaya`
  ADD PRIMARY KEY (`id_kelompok`);

--
-- Indexes for table `m_optionmetodebayar`
--
ALTER TABLE `m_optionmetodebayar`
  ADD PRIMARY KEY (`id_metodebayar`);

--
-- Indexes for table `m_optionstatusbayar`
--
ALTER TABLE `m_optionstatusbayar`
  ADD PRIMARY KEY (`id_statusbayar`);

--
-- Indexes for table `m_optionstatuspesanan`
--
ALTER TABLE `m_optionstatuspesanan`
  ADD PRIMARY KEY (`id_statuspesanan`);

--
-- Indexes for table `m_paket`
--
ALTER TABLE `m_paket`
  ADD PRIMARY KEY (`id_paket`);

--
-- Indexes for table `m_pelanggan`
--
ALTER TABLE `m_pelanggan`
  ADD PRIMARY KEY (`id_pelanggan`);

--
-- Indexes for table `m_pemasokbahan`
--
ALTER TABLE `m_pemasokbahan`
  ADD PRIMARY KEY (`id_pemasok`);

--
-- Indexes for table `m_pemasokperlengkapan`
--
ALTER TABLE `m_pemasokperlengkapan`
  ADD PRIMARY KEY (`id_pemasok`);

--
-- Indexes for table `m_perlengkapan`
--
ALTER TABLE `m_perlengkapan`
  ADD PRIMARY KEY (`id_perlengkapan`);

--
-- Indexes for table `m_satuandapur`
--
ALTER TABLE `m_satuandapur`
  ADD PRIMARY KEY (`id_satuan`);

--
-- Indexes for table `m_staff`
--
ALTER TABLE `m_staff`
  ADD PRIMARY KEY (`id_staff`),
  ADD UNIQUE KEY `username` (`username`);

--
-- Indexes for table `t_daftarbelibahan`
--
ALTER TABLE `t_daftarbelibahan`
  ADD KEY `fk_idbahan2` (`id_bahan`),
  ADD KEY `fk_idpembelian` (`id_pembelian`);

--
-- Indexes for table `t_daftarbeliperlengkapan`
--
ALTER TABLE `t_daftarbeliperlengkapan`
  ADD KEY `fk_idperlengkapan2` (`id_perlengkapan`),
  ADD KEY `fk_idpembelian2` (`id_pembelian`);

--
-- Indexes for table `t_detilbayarbahan`
--
ALTER TABLE `t_detilbayarbahan`
  ADD KEY `fk_idpembelian` (`id_pembelian`);

--
-- Indexes for table `t_detilbayarpemesanan`
--
ALTER TABLE `t_detilbayarpemesanan`
  ADD KEY `fk_idstatusbayar2` (`id_pemesanan`);

--
-- Indexes for table `t_detilbayarperlengkapan`
--
ALTER TABLE `t_detilbayarperlengkapan`
  ADD KEY `fk_idpembelian2` (`id_pembelian`);

--
-- Indexes for table `t_invenbahan`
--
ALTER TABLE `t_invenbahan`
  ADD KEY `fk_idbahan1` (`id_bahan`);

--
-- Indexes for table `t_invenperlengkapan`
--
ALTER TABLE `t_invenperlengkapan`
  ADD KEY `fk_idperlengkapan4` (`id_perlengkapan`);

--
-- Indexes for table `t_kelompokbiayadapur`
--
ALTER TABLE `t_kelompokbiayadapur`
  ADD KEY `fk_idbiayadapur` (`id_biaya`),
  ADD KEY `fk_idkelompokbiaya` (`id_kelompok`);

--
-- Indexes for table `t_pemasokbahan`
--
ALTER TABLE `t_pemasokbahan`
  ADD KEY `fk_idpemasok` (`id_pemasok`),
  ADD KEY `fk_idbahan` (`id_bahan`);

--
-- Indexes for table `t_pemasokperlengkapan`
--
ALTER TABLE `t_pemasokperlengkapan`
  ADD KEY `fk_idperlengkapan` (`id_perlengkapan`),
  ADD KEY `fk_idpemasokperlengkapan` (`id_pemasok`);

--
-- Indexes for table `t_pembelianbahan`
--
ALTER TABLE `t_pembelianbahan`
  ADD PRIMARY KEY (`id_pembelian`),
  ADD KEY `fk_idpemasok1` (`id_pemasok`),
  ADD KEY `fk_idstaff` (`id_staff`),
  ADD KEY `fk_idmetodebayar` (`id_metodebayar`),
  ADD KEY `fk_idstatusbayar` (`id_statusbayar`),
  ADD KEY `fk_idstatusbayar3` (`id_statuspesanan`);

--
-- Indexes for table `t_pembelianperlengkapan`
--
ALTER TABLE `t_pembelianperlengkapan`
  ADD PRIMARY KEY (`id_pembelian`),
  ADD KEY `id_pemasok` (`id_pemasok`),
  ADD KEY `fk_idstaff1` (`id_staff`),
  ADD KEY `fk_idmetodebayar1` (`id_metodebayar`),
  ADD KEY `fk_idstatusbayar1` (`id_statusbayar`),
  ADD KEY `fk_idstatusbayar13` (`id_statuspesanan`);

--
-- Indexes for table `t_pemesanan`
--
ALTER TABLE `t_pemesanan`
  ADD PRIMARY KEY (`id_pemesanan`),
  ADD KEY `fk_idpelanggan` (`id_pelanggan`),
  ADD KEY `fk_idpaket` (`id_paket`);

--
-- Indexes for table `t_pengeluarandapur`
--
ALTER TABLE `t_pengeluarandapur`
  ADD PRIMARY KEY (`id_pengeluaran`),
  ADD KEY `fk_idbiaya` (`id_biaya`),
  ADD KEY `fk_idstaff2` (`id_staff`);

--
-- Indexes for table `t_satuanbahan`
--
ALTER TABLE `t_satuanbahan`
  ADD UNIQUE KEY `id_bahan` (`id_bahan`),
  ADD KEY `fk_idsatuan` (`id_satuan`);

--
-- Indexes for table `t_satuandapur`
--
ALTER TABLE `t_satuandapur`
  ADD KEY `fk_idsatuandapur1` (`id_biaya`),
  ADD KEY `fk_idsatuandapur2` (`id_satuan`);

--
-- Indexes for table `t_satuanperlengkapan`
--
ALTER TABLE `t_satuanperlengkapan`
  ADD KEY `fk_idperlengkapan1` (`id_perlengkapan`),
  ADD KEY `fk_idsatuan2` (`id_satuan`);

--
-- Indexes for table `t_stokbahan`
--
ALTER TABLE `t_stokbahan`
  ADD KEY `stok_id_bahan` (`id_bahan`);

--
-- Indexes for table `t_stokperlengkapan`
--
ALTER TABLE `t_stokperlengkapan`
  ADD UNIQUE KEY `id_perlengkapan` (`id_perlengkapan`);

--
-- Constraints for dumped tables
--

--
-- Constraints for table `t_daftarbelibahan`
--
ALTER TABLE `t_daftarbelibahan`
  ADD CONSTRAINT `fk_idbahan2` FOREIGN KEY (`id_bahan`) REFERENCES `m_bahan` (`id_bahan`) ON DELETE SET NULL ON UPDATE CASCADE,
  ADD CONSTRAINT `fk_idpembelian` FOREIGN KEY (`id_pembelian`) REFERENCES `t_pembelianbahan` (`id_pembelian`) ON UPDATE CASCADE,
  ADD CONSTRAINT `fk_idpembelian1` FOREIGN KEY (`id_pembelian`) REFERENCES `t_pembelianbahan` (`id_pembelian`) ON UPDATE CASCADE;

--
-- Constraints for table `t_daftarbeliperlengkapan`
--
ALTER TABLE `t_daftarbeliperlengkapan`
  ADD CONSTRAINT `fk_idpembelian2` FOREIGN KEY (`id_pembelian`) REFERENCES `t_pembelianperlengkapan` (`id_pembelian`) ON UPDATE CASCADE,
  ADD CONSTRAINT `fk_idpembelian3` FOREIGN KEY (`id_pembelian`) REFERENCES `t_pembelianperlengkapan` (`id_pembelian`) ON UPDATE CASCADE,
  ADD CONSTRAINT `fk_idperlengkapan2` FOREIGN KEY (`id_perlengkapan`) REFERENCES `m_perlengkapan` (`id_perlengkapan`) ON DELETE SET NULL ON UPDATE CASCADE;

--
-- Constraints for table `t_detilbayarpemesanan`
--
ALTER TABLE `t_detilbayarpemesanan`
  ADD CONSTRAINT `fk_idstatusbayar2` FOREIGN KEY (`id_pemesanan`) REFERENCES `t_pemesanan` (`id_pemesanan`) ON UPDATE CASCADE;

--
-- Constraints for table `t_invenbahan`
--
ALTER TABLE `t_invenbahan`
  ADD CONSTRAINT `fk_idbahan1` FOREIGN KEY (`id_bahan`) REFERENCES `m_bahan` (`id_bahan`) ON UPDATE CASCADE;

--
-- Constraints for table `t_invenperlengkapan`
--
ALTER TABLE `t_invenperlengkapan`
  ADD CONSTRAINT `fk_idperlengkapan3` FOREIGN KEY (`id_perlengkapan`) REFERENCES `m_perlengkapan` (`id_perlengkapan`) ON UPDATE CASCADE,
  ADD CONSTRAINT `fk_idperlengkapan4` FOREIGN KEY (`id_perlengkapan`) REFERENCES `m_perlengkapan` (`id_perlengkapan`) ON UPDATE CASCADE;

--
-- Constraints for table `t_kelompokbiayadapur`
--
ALTER TABLE `t_kelompokbiayadapur`
  ADD CONSTRAINT `fk_idbiayadapur` FOREIGN KEY (`id_biaya`) REFERENCES `m_dapur` (`id_biaya`) ON UPDATE CASCADE,
  ADD CONSTRAINT `fk_idkelompokbiaya` FOREIGN KEY (`id_kelompok`) REFERENCES `m_kelompokbiaya` (`id_kelompok`) ON UPDATE CASCADE;

--
-- Constraints for table `t_pemasokbahan`
--
ALTER TABLE `t_pemasokbahan`
  ADD CONSTRAINT `fk_idbahan` FOREIGN KEY (`id_bahan`) REFERENCES `m_bahan` (`id_bahan`) ON UPDATE CASCADE,
  ADD CONSTRAINT `fk_idpemasok` FOREIGN KEY (`id_pemasok`) REFERENCES `m_pemasokbahan` (`id_pemasok`) ON DELETE SET NULL ON UPDATE CASCADE;

--
-- Constraints for table `t_pemasokperlengkapan`
--
ALTER TABLE `t_pemasokperlengkapan`
  ADD CONSTRAINT `fk_idpemasokperlengkapan` FOREIGN KEY (`id_pemasok`) REFERENCES `m_pemasokperlengkapan` (`id_pemasok`) ON UPDATE CASCADE,
  ADD CONSTRAINT `fk_idperlengkapan` FOREIGN KEY (`id_perlengkapan`) REFERENCES `m_perlengkapan` (`id_perlengkapan`) ON UPDATE CASCADE;

--
-- Constraints for table `t_pembelianbahan`
--
ALTER TABLE `t_pembelianbahan`
  ADD CONSTRAINT `fk_idmetodebayar` FOREIGN KEY (`id_metodebayar`) REFERENCES `m_optionmetodebayar` (`id_metodebayar`) ON UPDATE CASCADE,
  ADD CONSTRAINT `fk_idpemasok1` FOREIGN KEY (`id_pemasok`) REFERENCES `m_pemasokbahan` (`id_pemasok`) ON DELETE SET NULL ON UPDATE CASCADE,
  ADD CONSTRAINT `fk_idstaff` FOREIGN KEY (`id_staff`) REFERENCES `m_staff` (`id_staff`) ON UPDATE CASCADE,
  ADD CONSTRAINT `fk_idstatusbayar` FOREIGN KEY (`id_statusbayar`) REFERENCES `m_optionstatusbayar` (`id_statusbayar`) ON UPDATE CASCADE,
  ADD CONSTRAINT `fk_idstatusbayar3` FOREIGN KEY (`id_statuspesanan`) REFERENCES `m_optionstatuspesanan` (`id_statuspesanan`) ON UPDATE CASCADE;

--
-- Constraints for table `t_pembelianperlengkapan`
--
ALTER TABLE `t_pembelianperlengkapan`
  ADD CONSTRAINT `fk_idmetodebayar1` FOREIGN KEY (`id_metodebayar`) REFERENCES `m_optionmetodebayar` (`id_metodebayar`) ON UPDATE CASCADE,
  ADD CONSTRAINT `fk_idstaff1` FOREIGN KEY (`id_staff`) REFERENCES `m_staff` (`id_staff`) ON UPDATE CASCADE,
  ADD CONSTRAINT `fk_idstatusbayar1` FOREIGN KEY (`id_statusbayar`) REFERENCES `m_optionstatusbayar` (`id_statusbayar`) ON UPDATE CASCADE,
  ADD CONSTRAINT `fk_idstatusbayar13` FOREIGN KEY (`id_statuspesanan`) REFERENCES `m_optionstatuspesanan` (`id_statuspesanan`) ON UPDATE CASCADE;

--
-- Constraints for table `t_pemesanan`
--
ALTER TABLE `t_pemesanan`
  ADD CONSTRAINT `fk_idpaket` FOREIGN KEY (`id_paket`) REFERENCES `m_paket` (`id_paket`) ON UPDATE CASCADE,
  ADD CONSTRAINT `fk_idpelanggan` FOREIGN KEY (`id_pelanggan`) REFERENCES `m_pelanggan` (`id_pelanggan`) ON UPDATE CASCADE;

--
-- Constraints for table `t_pengeluarandapur`
--
ALTER TABLE `t_pengeluarandapur`
  ADD CONSTRAINT `fk_idbiaya` FOREIGN KEY (`id_biaya`) REFERENCES `m_dapur` (`id_biaya`) ON UPDATE CASCADE,
  ADD CONSTRAINT `fk_idstaff2` FOREIGN KEY (`id_staff`) REFERENCES `m_staff` (`id_staff`) ON UPDATE CASCADE;

--
-- Constraints for table `t_satuanbahan`
--
ALTER TABLE `t_satuanbahan`
  ADD CONSTRAINT `fk_idbahan3` FOREIGN KEY (`id_bahan`) REFERENCES `m_bahan` (`id_bahan`) ON UPDATE CASCADE,
  ADD CONSTRAINT `fk_idsatuan` FOREIGN KEY (`id_satuan`) REFERENCES `m_daftarsatuanbahan` (`id_satuan`) ON UPDATE CASCADE;

--
-- Constraints for table `t_satuandapur`
--
ALTER TABLE `t_satuandapur`
  ADD CONSTRAINT `fk_idsatuandapur1` FOREIGN KEY (`id_biaya`) REFERENCES `m_dapur` (`id_biaya`) ON UPDATE CASCADE,
  ADD CONSTRAINT `fk_idsatuandapur2` FOREIGN KEY (`id_satuan`) REFERENCES `m_satuandapur` (`id_satuan`) ON UPDATE CASCADE;

--
-- Constraints for table `t_satuanperlengkapan`
--
ALTER TABLE `t_satuanperlengkapan`
  ADD CONSTRAINT `fk_idperlengkapan1` FOREIGN KEY (`id_perlengkapan`) REFERENCES `m_perlengkapan` (`id_perlengkapan`) ON UPDATE CASCADE,
  ADD CONSTRAINT `fk_idsatuan2` FOREIGN KEY (`id_satuan`) REFERENCES `m_daftarsatuanperlengkapan` (`id_satuan`) ON UPDATE CASCADE;

--
-- Constraints for table `t_stokbahan`
--
ALTER TABLE `t_stokbahan`
  ADD CONSTRAINT `stok_id_bahan` FOREIGN KEY (`id_bahan`) REFERENCES `m_bahan` (`id_bahan`) ON UPDATE CASCADE;

--
-- Constraints for table `t_stokperlengkapan`
--
ALTER TABLE `t_stokperlengkapan`
  ADD CONSTRAINT `stok_id_perlengkapan` FOREIGN KEY (`id_perlengkapan`) REFERENCES `m_perlengkapan` (`id_perlengkapan`) ON UPDATE CASCADE;
COMMIT;

/*!40101 SET CHARACTER_SET_CLIENT=@OLD_CHARACTER_SET_CLIENT */;
/*!40101 SET CHARACTER_SET_RESULTS=@OLD_CHARACTER_SET_RESULTS */;
/*!40101 SET COLLATION_CONNECTION=@OLD_COLLATION_CONNECTION */;
